Car_Name,Year,Selling_Price,Driven_KMs,Fuel_Type,Transmission,Engine_Size_L,Mileage_kmpl
Mercedes-Benz GLE,2022,3266122.16,52618,Diesel,Automatic,2.4,14.7
BMW 3 Series,2019,2012939.08,82405,Diesel,Manual,2.8,11.3
Hyundai Tucson,2010,120000.0,190804,CNG,Automatic,1.4,26.0
Honda Accord,2022,790401.72,44723,Diesel,Automatic,1.5,12.6
Ford EcoSport,2013,316090.48,109366,Petrol,Automatic,1.6,13.4
Tata Punch,2023,429121.37,41268,Diesel,Manual,1.0,13.0
Toyota Corolla,2014,287108.51,"108,297 km",Petrol,Manual,1.7,15.2
Mercedes-Benz C-Class,2015,1284362.42,182934,Petrol,Manual,2.9,12.1
Audi Q3,2010,703236.83,244030,Diesel,Manual,3.1,12.5
Volkswagen Vento,2020,471470.29,122178,Petrol,Automatic,1.2,12.0
Mercedes-Benz A-Class,2022,3046559.87,44531,Diesel,Manual,2.4,15.5
Ford Endeavour,2014,518493.06,82230,Electric,Manual,0.0,162.5
BMW 3 Series,2017,1700501.99,39581,Petrol,Automatic,2.6,13.6
Toyota Yaris,2024,779353.7,25273,Hybrid,Manual,1.0,21.8
Toyota RAV4,2009,150991.19,276219,Diesel,Manual,2.1,12.4
BMW X5,2009,370843.21,142231,Diesel,Manual,2.1,14.0
Ford Endeavour,2010,287593.52,56106,CNG,Manual,2.8,26.8
Volkswagen Tiguan,2014,264518.16,213979,Diesel,Automatic,1.7,14.0
BMW 1 Series,2016,1380015.69,128305,Petrol,Automatic,2.6,10.3
Hyundai Creta,2010,147417.69,174319,Hybrid,Manual,1.8,22.4
Ford Mustang,2011,274249.07,248712,Petrol,Manual,3.0,11.9
Hyundai Venue,2015,211646.1,"237,744 km",  Diesel ,Automatic,1.5,12.2
Hyundai Tucson,2010,120000.0,205708,Diesel,Manual,1.5,14.3
Hyundai Tucson,2008,120000.0,173541,Petrol,Manual,1.0,9.4
Volkswagen Vento,2010,155593.94,129782,Diesel,Manual,1.5,16.1
Mercedes-Benz A-Class,2017,1922882.3,143487,CNG,Automatic,3.1,25.7
Hyundai Tucson,2009,120000.0,163245,Petrol,Automatic,1.5,13.7
Ford EcoSport,2013,345354.62,197416,Petrol,Manual,2.5,13.4
Ford Endeavour,2015,363136.29,135869,Diesel,Automatic,1.6,16.5
BMW 5 Series,2016,1101570.36,120116,Diesel,Manual,2.4,12.6
Tata Punch,2008,120000.0,273448,Hybrid,Automatic,2.1,20.8
Tata Punch,2021,308306.68,"75,233 km",Petrol,Manual,1.3,12.4
BMW 5 Series,2017,1759634.49,141479,Electric,Automatic,0.0,168.3
Honda Civic,2019,490917.12,126498,Petrol,Automatic,1.5,12.7
Toyota Camry,2018,442450.77,77523,Petrol,Manual,1.6,11.8
Ford EcoSport,2020,1380839.77,81027,Electric,Manual,0.0,115.7
Maruti Suzuki Dzire  ,2024,609480.64,14210,Diesel,Manual,1.6,
Mercedes-Benz C-Class,2010,354395.4,265211,Petrol,Automatic,1.8,13.8
Toyota Fortuner,2019,664756.6,79948,Hybrid,Automatic,1.6,
BMW X3,2019,1914884.69,106216,Petrol,Automatic,2.5,9.6
Volkswagen Taigun  ,2010,222414.77,"265,874 km",Electric,Manual,0.0,164.1
BMW 1 Series,2012,901217.54,181268,Petrol,Automatic,,6.5
Hyundai Venue,2019,413579.3,80476,Diesel,Manual,1.4,15.1
Tata Altroz,2024,779643.7,32079,Petrol,Manual,1.7,12.7
BMW 1 Series,2018,1649777.83,99722,Electric,Manual,0.0,148.9
Mercedes-Benz C-Class,2018,2729057.4,97775,Petrol,Automatic,3.4,6.3
Ford EcoSport,2015,382929.31,148812,Petrol,Automatic,1.6,14.7
Honda City,2020,705814.16,77367,Petrol,Manual,1.9,11.0
Toyota Yaris,2008,120000.0,213801,Diesel,Manual,1.5,
BMW 5 Series,2017,1365487.15,83423,Petrol,Manual,2.7,8.9
Toyota Corolla,2015,345538.15,110939,Diesel,Manual,1.6,15.0
Audi Q5,2012,721955.52,153096,Petrol,Automatic,2.5,13.8
Honda CR-V,2014,277854.96,64216,Petrol,Manual,1.8,8.3
Audi A4,2022,3765949.07,23874,Petrol,Automatic,,11.0
BMW 5 Series,2020,3034816.76,40396,Petrol,Automatic,2.8,8.2
Ford Focus,2010,167737.72,198023,CNG,Manual,2.0,25.8
Honda Accord,2017,396913.56,72621,Petrol,Manual,1.5,10.6
Tata Harrier,2022,564733.85,45322,Diesel,Manual,1.5,16.2
Ford EcoSport,2021,1575648.65,80841,Diesel,Automatic,2.8,14.6
Hyundai i20,2022,553407.86,45183,Petrol,Automatic,1.2,10.5
Ford Mustang,2011,605637.69,149246,Petrol,Automatic,4.0,11.3
Volkswagen Polo,2012,309886.12,78931,Petrol,Automatic,2.1,11.9
Toyota Yaris,2013,234094.2,171582,Petrol,Manual,1.7,12.5
Maruti Suzuki Baleno,2020,351027.39,"46,947 km",Diesel,Manual,1.7,11.3
Toyota Camry,2021,726748.77,35548,Petrol,Automatic,1.5,13.1
Mercedes-Benz E-Class,2019,1871264.32,139529,,Automatic,2.3,11.0
BMW X5,2019,2446251.08,82260,Petrol,Automatic,2.9,11.2
Hyundai Venue,2012,207635.29,61606,  CNG ,Automatic,1.7,23.2
Maruti Suzuki Dzire,2013,120000.0,204794,Diesel,Manual,1.0,11.3
Hyundai i20,2015,315275.91,136781,Diesel,Manual,1.9,15.2
Audi A4,2008,392583.41,188945,Diesel,Automatic,2.3,17.1
Ford Fiesta,2022,1748865.26,53987,Diesel,Manual,2.7,14.3
Hyundai Tucson,2011,120000.0,135888 KM,Diesel,Automatic,1.1,14.6
Maruti Suzuki Baleno,2008,120000.0,226520,Petrol,Automatic,1.6,13.8
Maruti Suzuki Baleno,2024,827891.21,15473,Diesel,Automatic,2.0,13.7
Maruti Suzuki Ertiga  ,2022,471953.43,25556,Petrol,Manual,1.8,14.0
Honda City,2009,245437.47,118173,Electric,Automatic,0.0,146.0
Honda Amaze,2024,909992.16,16585,Petrol,Automatic,1.3,18.5
Mercedes-Benz GLC,2024,2606631.73,23470,Petrol,Manual,2.1,14.8
Honda CR-V,2011,166862.36,174770,  Petrol ,Automatic,1.8,14.1
Toyota Fortuner,2014,233710.34,113904,Diesel,Manual,1.3,15.1
Maruti Suzuki Baleno,2010,120000.0,206404,Petrol,Automatic,1.2,16.9
BMW 5 Series,2014,888624.68,183177,Diesel,Automatic,2.7,13.1
Honda CR-V,2019,505770.1,74889,CNG,Manual,1.8,22.9
Volkswagen Virtus,2024,901906.01,23234,CNG,Manual,1.5,23.8
Tata Nexon,2018,192850.04,107438,Petrol,Manual,1.0,15.9
BMW 5 Series,2011,668653.18,41836,Diesel,Manual,2.5,13.6
Audi Q3,2015,861274.1,237210,Petrol,Automatic,2.1,11.2
Volkswagen Vento,2018,368521.83,130965,Petrol,Manual,1.4,14.1
Mercedes-Benz A-Class,2008,345702.46,232461,Petrol,Manual,2.6,11.5
Honda Amaze,2016,477090.04,110555,Petrol,Automatic,2.1,11.0
Hyundai Verna,2019,384980.85,"85,279 km",Petrol,Manual,1.7,13.0
Maruti Suzuki Dzire,2015,180590.96,191441 KM,Diesel,Automatic,1.8,16.5
Volkswagen Polo,2014,230026.25,161692,,Automatic,1.4,15.5
Mercedes-Benz GLC,2017,1793068.26,49719,Diesel,Automatic,3.0,11.9
Mercedes-Benz GLE,2014,1280034.1,121893,Petrol,Manual,3.3,11.1
Volkswagen Virtus,2009,129917.85,212913,Petrol,Automatic,1.7,11.2
Tata Altroz,2022,331714.05,41591,Petrol,Manual,1.0,10.3
Honda Accord,2012,162228.9,187229,Petrol,Manual,1.5,11.0
Maruti Suzuki Dzire,2020,379626.74,65569,Hybrid,Automatic,1.4,20.8
Hyundai Venue,2021,501229.85,47092,Petrol,Manual,1.3,15.8
Toyota RAV4,2010,120000.0,328702,Petrol,Manual,1.3,11.7
Tata Safari,2016,225531.02,114060,Petrol,Automatic,1.5,13.5
Audi Q3,2012,497314.57,212646,Petrol,Manual,2.0,15.7
Maruti Suzuki Dzire,2020,384663.97,99385,Petrol,Automatic,1.7,13.6
Audi Q5,2014,1075468.82,"187,214 km",Electric,Automatic,0.0,164.6
Honda Accord,2009,120000.0,199963,CNG,Manual,1.6,26.2
Hyundai i20,2014,296463.14,187569,Diesel,Automatic,2.1,14.2
Honda Accord,2024,801975.97,33811,Diesel,Automatic,1.3,13.9
Toyota RAV4,2018,583046.82,44461,Diesel,Manual,1.9,15.1
Ford EcoSport,2022,1501734.78,31369,Diesel,Automatic,2.4,14.5
Tata Punch,2010,120000.0,249061,Petrol,Manual,2.0,12.7
Maruti Suzuki Brezza,2022,385809.36,49387,Diesel,Manual,1.4,10.2
Volkswagen Tiguan,2021,502198.62,96172,Diesel,Manual,1.4,15.9
Tata Altroz,2009,120000.0,201624,Diesel,Manual,1.4,13.8
Tata Nexon,2013,301106.07,129946,Electric,Automatic,0.0,163.3
Audi Q5,2008,434141.36,86134,Diesel,Manual,2.6,11.4
Mercedes-Benz E-Class,2021,3029235.51,60410,Diesel,Automatic,2.3,13.8
Tata Nexon,2019,282679.26,111253,CNG,Automatic,1.3,26.9
Hyundai Creta,2017,362920.69,167940,Petrol,Automatic,1.9,16.9
Hyundai Tucson,2020,468258.63,125625,Petrol,Automatic,1.5,13.9
Volkswagen Tiguan,2010,120000.0,"216,907 km",Petrol,Manual,1.5,15.3
BMW X5,2019,2260033.49,154134,Diesel,Manual,3.1,12.0
Honda Accord,2013,128097.24,108771,Diesel,Automatic,1.0,14.7
BMW 3 Series,2010,551591.97,264589,Diesel,Manual,3.5,6.4
Tata Altroz,2022,670133.47,39777,Diesel,Automatic,1.5,12.3
Honda CR-V,2012,120000.0,239919,Petrol,Automatic,1.0,12.5
Volkswagen Taigun  ,2017,345198.89,170677 KM,Diesel,Manual,1.8,11.8
BMW 1 Series,2019,2089607.19,114302,Diesel,Automatic,2.7,13.4
Honda Civic,2012,328624.34,156410,Electric,Manual,0.0,156.2
Toyota RAV4,2021,979704.18,56608,Diesel,Manual,2.1,14.6
Mercedes-Benz GLE,2013,427282.74,201222,Petrol,Manual,1.6,14.0
Honda Amaze,2008,120000.0,138946,Diesel,Manual,1.7,15.0
Toyota Fortuner,2015,363942.3,156499,Diesel,Automatic,1.6,
Tata Harrier,2009,120000.0,225168,Hybrid,Manual,1.5,23.1
Ford EcoSport,2013,509523.5,186687,Petrol,Automatic,2.8,9.8
Toyota Corolla,2022,486279.5,74060,  Diesel ,Automatic,1.0,18.2
Audi A6,2018,2620908.86,87993,Diesel,Automatic,3.6,12.8
Honda Accord,2019,489669.84,49071 KM,Petrol,Manual,1.5,8.6
BMW X3,2023,4505565.33,36781,Diesel,Automatic,3.1,10.3
Ford Fiesta,2021,832338.49,74517,Petrol,Automatic,1.6,14.3
Tata Safari,2014,120000.0,222669,Diesel,Manual,1.0,16.3
Volkswagen Virtus,2011,233323.0,61699,Petrol,Automatic,1.6,17.3
Volkswagen Vento,2017,639248.5,128031,Electric,Manual,0.0,176.1
Mercedes-Benz E-Class,2011,487154.53,148830,Petrol,Manual,,
BMW X3,2014,824898.07,196872,Diesel,Manual,2.6,13.4
Hyundai Venue  ,2010,131113.32,154642,Petrol,Manual,1.8,14.5
Ford Fiesta,2008,278494.27,119347,Diesel,Manual,2.7,10.6
Honda Accord,2012,206072.6,86249,Petrol,Automatic,1.7,14.1
Honda Accord,2009,131707.2,84763,Petrol,Automatic,1.4,11.6
BMW 1 Series,2022,2847812.52,31667,Petrol,Manual,2.4,13.7
Mercedes-Benz GLE,2015,1503861.2,106944,Petrol,Automatic,2.9,8.9
Audi A6,2015,1062352.98,149069,Diesel,Manual,2.8,10.6
Tata Nexon,2008,120000.0,346154,Petrol,Manual,1.4,14.9
Audi Q5,2012,1022037.19,62975,Petrol,Manual,3.0,12.2
Hyundai Tucson,2021,539522.65,64896,Petrol,Manual,1.6,12.9
Volkswagen Polo,2009,120000.0,259608,Petrol,Automatic,1.5,14.1
Tata Nexon,2020,286236.58,75838,Petrol,Manual,1.1,13.7
Ford EcoSport,2013,205362.01,218887,Petrol,Manual,1.6,8.8
Honda Amaze,2022,708282.69,37900,Hybrid,Manual,1.3,21.0
Ford Focus,2014,402327.57,127444,Petrol,Manual,2.1,12.7
Hyundai i20,2021,649619.09,50695,Petrol,Manual,1.7,13.4
Mercedes-Benz E-Class,2014,1023889.83,188587,Diesel,Manual,2.7,11.7
BMW X5,2011,304633.53,239971,CNG,Manual,1.7,27.0
Volkswagen Taigun,2017,798734.15,137728,Electric,Automatic,0.0,196.5
Volkswagen Virtus,2015,310550.37,162067,Diesel,Automatic,1.4,17.8
Mercedes-Benz A-Class,2012,635662.04,173596,Diesel,Manual,2.4,12.3
Ford Endeavour,2022,2032838.12,24033,Electric,Automatic,0.0,185.1
Maruti Suzuki Baleno,2013,120000.0,162873,Petrol,Manual,1.6,11.0
Volkswagen Taigun,2011,145847.61,265416,Petrol,Automatic,1.5,14.5
Honda CR-V,2017,364924.2,58950,Petrol,Automatic,1.3,9.5
Ford Fiesta,2019,1155218.23,55721,Petrol,Automatic,2.6,11.4
Toyota Fortuner,2016,375654.55,181593,Diesel,Automatic,1.6,13.2
Honda City,2022,453875.74,"31,055 km",Petrol,Automatic,1.0,12.1
BMW 1 Series,2008,449369.73,256926,Diesel,Manual,3.6,12.6
Volkswagen Vento,2023,919620.84,35320,CNG,Automatic,1.6,24.7
Honda CR-V,2017,543841.55,141206,Diesel,Automatic,2.0,9.6
Volkswagen Virtus,2024,1123592.06,35027,Petrol,Automatic,1.5,14.3
Audi Q3,2012,745502.15,196042,Petrol,Manual,3.2,8.9
Ford Mustang,2014,555295.38,145871,Diesel,Automatic,2.3,17.1
Maruti Suzuki Baleno,2024,586247.58,30346,Diesel,Manual,1.8,17.0
Toyota Corolla,2024,1190164.84,26101,Diesel,Automatic,1.4,17.6
Audi Q5,2018,2382529.1,61042,Diesel,Automatic,2.7,16.0
Hyundai Venue,2017,291842.31,75105,CNG,Manual,1.7,15.9
BMW X5,2013,686128.69,110262,Diesel,Manual,2.3,15.0
Maruti Suzuki Baleno,2023,346300.09,34528,Petrol,Manual,1.2,13.9
Ford EcoSport,2018,552250.42,68489,Petrol,Manual,1.6,13.0
Volkswagen Vento,2019,519377.84,93980,Diesel,Automatic,1.5,15.9
BMW 3 Series,2019,1665321.66,73889,  Petrol ,Manual,2.2,10.7
Honda Accord,2018,526178.6,73258,Petrol,Automatic,2.3,9.3
BMW 1 Series,2009,575728.71,193198,Diesel,Manual,3.5,9.6
Hyundai i20,2024,779464.73,15854,Petrol,Manual,1.3,13.6
Maruti Suzuki Ertiga,2022,377913.24,30530,  CNG ,Automatic,1.4,23.8
Audi Q5,2018,3094257.8,91980,Diesel,Automatic,4.4,11.0
Ford Fiesta,2015,474133.52,167255,Diesel,Manual,2.5,11.3
Hyundai Venue,2010,146289.79,335359,  Electric ,Manual,0.0,158.1
BMW X5,2013,1018074.11,126029,Hybrid,Automatic,2.7,21.9
Audi A6,2012,782596.31,198031,Diesel,Manual,3.2,12.0
Tata Altroz,2013,174230.99,66207,Diesel,Automatic,1.4,17.8
Hyundai Tucson,2023,510989.46,31657,Diesel,Automatic,1.0,15.2
Honda City,2018,513654.39,85933,Diesel,Automatic,1.8,14.4
Honda City,2010,121166.82,206569,Diesel,Manual,1.6,16.0
Mercedes-Benz GLC,2011,475914.32,167387 KM,CNG,Manual,2.1,28.3
Toyota Corolla,2010,128537.39,241849,Petrol,Automatic,1.6,9.7
Ford Fiesta,2015,455976.91,186103,  Petrol ,Manual,2.4,10.6
Hyundai i20,2017,319123.4,109995,Diesel,Automatic,1.3,
Tata Altroz,2022,314067.6,59123,Petrol,Manual,1.0,
Maruti Suzuki Baleno,2016,127014.4,163925,Petrol,Manual,1.5,11.9
Honda Amaze,2012,201061.85,161304,Petrol,Manual,2.0,12.1
Audi Q5,2021,3273762.32,62359,Diesel,Automatic,2.6,16.0
Ford Mustang,2011,388121.2,143565,Diesel,Manual,2.9,8.7
Honda Civic,2019,396276.97,71499,Diesel,Automatic,1.4,12.4
Hyundai i20,2023,655127.65,41494,Petrol,Manual,1.4,12.0
Audi A4,2016,1824102.2,131277,CNG,Manual,4.1,24.6
Mercedes-Benz A-Class,2018,2456147.34,77857,Petrol,Manual,3.4,10.7
Toyota Yaris,2014,216786.68,180725,Hybrid,Automatic,1.2,24.0
Toyota Fortuner,2012,176521.72,170641,Petrol,Manual,1.5,11.7
Tata Harrier,2009,176247.05,136157,Electric,Automatic,0.0,169.0
BMW 5 Series,2013,792082.31,185486,CNG,Automatic,2.8,28.7
BMW 1 Series,2024,2788354.44,29658,Petrol,Manual,2.0,10.5
Tata Punch,2013,134307.41,169138,Diesel,Manual,1.7,13.2
Tata Altroz,2008,120000.0,239124,Diesel,Manual,1.9,13.9
Volkswagen Virtus,2010,120000.0,151695,Petrol,Manual,1.0,17.2
Audi A4,2011,572288.94,121964,Petrol,Automatic,2.1,11.6
Volkswagen Tiguan,2013,253650.99,146040,Diesel,Manual,1.7,13.9
Toyota Yaris,2020,559446.72,118263,Diesel,Manual,1.6,13.8
Mercedes-Benz GLC,2010,401866.14,143863,Petrol,Manual,1.7,13.6
Maruti Suzuki Ertiga,2010,120000.0,224068,Petrol,Automatic,1.0,12.2
Audi A4,2012,652229.78,213600,Diesel,Manual,2.8,15.5
Audi A3,2018,1081559.98,95713,Diesel,Manual,1.6,14.8
Ford EcoSport,2011,226950.1,241479,Petrol,Manual,2.1,18.1
Honda Accord,2022,916795.96,63299,Diesel,Automatic,1.6,14.5
Mercedes-Benz E-Class,2018,1985993.64,129988,,Manual,3.4,27.0
Hyundai i20,2015,315998.59,171358,Hybrid,Manual,2.0,22.5
Hyundai Verna,2015,350710.91,99141,,Automatic,1.8,14.0
Hyundai i20,2013,159982.46,222218,Petrol,Manual,1.7,12.2
Honda City  ,2020,525117.97,89637,Diesel,Manual,1.4,14.3
Toyota Corolla,2020,702198.52,55727,Diesel,Manual,1.6,14.8
Volkswagen Vento,2011,120000.0,225281,Diesel,Manual,1.2,16.7
Ford Fiesta,2015,705974.04,103207,Petrol,Manual,3.3,8.4
Toyota Corolla,2024,1267052.87,12477,Diesel,Manual,1.8,16.7
Hyundai Creta,2009,120000.0,199228,Petrol,Automatic,1.3,12.9
Hyundai Venue,2024,1129126.21,17314,Diesel,Manual,,12.4
Toyota Fortuner,2022,1448737.11,77324,Electric,Manual,0.0,111.5
Tata Safari,2022,510674.66,41760,Petrol,Automatic,1.4,15.9
Audi Q3,2008,564093.87,207628,Diesel,Automatic,3.4,11.5
Audi A4,2011,657017.98,208302,Petrol,Manual,3.1,12.8
BMW 5 Series,2024,3261436.27,5108,Petrol,Manual,2.1,16.6
Maruti Suzuki Ertiga,2018,246655.38,72093,CNG,Manual,1.9,23.0
Audi A3,2017,1684946.58,93979,Diesel,Automatic,2.3,13.6
Ford Mustang,2019,923761.89,86113,Petrol,Manual,2.6,11.3
Audi Q3,2011,734364.19,191060,Electric,Automatic,0.0,145.9
Volkswagen Virtus,2015,572033.88,134581,Electric,Automatic,0.0,147.7
Volkswagen Polo,2017,334385.34,110562,Petrol,Manual,1.4,15.4
Ford Focus,2022,1805833.99,42923,Petrol,Automatic,2.8,10.4
Audi Q3,2009,356718.0,173591,Petrol,Manual,2.2,13.3
Honda City,2021,561148.67,40676,Petrol,Manual,1.4,13.9
BMW 3 Series,2013,937569.69,178060,Diesel,Automatic,2.7,12.7
Honda City,2015,185023.7,170950,Petrol,Manual,1.2,16.0
Audi A3,2019,1120182.23,98115,Petrol,Manual,1.8,13.7
Maruti Suzuki Baleno,2015,142399.32,98293,  CNG ,Automatic,1.5,22.5
Tata Safari  ,2009,120000.0,171968,Hybrid,Manual,1.6,25.5
Hyundai i20,2024,1046954.23,"16,217 km",Petrol,Manual,1.9,11.7
BMW 5 Series,2008,636357.52,128881,Petrol,Automatic,2.9,11.3
Volkswagen Tiguan,2020,817482.43,61681,Petrol,Automatic,1.9,6.0
Tata Safari,2023,380343.17,39665,CNG,Manual,1.1,27.8
Maruti Suzuki Ertiga,2011,120000.0,202736,Diesel,Automatic,1.2,17.7
BMW 1 Series,2016,673605.85,96520,Petrol,Manual,1.6,10.6
Hyundai i20,2022,687010.87,"74,143 km",Petrol,Manual,1.7,11.6
BMW 3 Series,2023,3251953.81,"42,967 km",CNG,Manual,2.6,22.2
BMW 3 Series,2023,2566050.33,43578 KM,Petrol,Manual,2.0,14.8
Ford Mustang,2012,267106.2,55635,Petrol,Manual,1.6,15.0
Audi A4,2022,2580304.02,54792,Diesel,Automatic,2.2,14.7
Ford Fiesta,2010,218307.71,161655,Petrol,Automatic,1.8,8.6
Volkswagen Virtus,2011,120000.0,165707,Petrol,Manual,,15.2
Hyundai Venue,2008,120000.0,240979,Petrol,Manual,1.5,14.2
Mercedes-Benz E-Class,2012,611870.51,169677,Petrol,Manual,2.5,10.0
Toyota Corolla,2012,199682.05,133208,Diesel,Manual,1.4,13.0
Honda Accord,2008,120000.0,256422,Diesel,Automatic,1.1,14.8
Honda City,2016,292983.64,73896,Hybrid,Manual,1.3,
Volkswagen Virtus,2016,347159.69,103981,Petrol,Manual,1.6,13.0
Audi A6,2018,2250699.58,142300,Diesel,Manual,3.8,8.6
Honda Amaze,2009,120000.0,335407,Diesel,Manual,1.0,19.5
Honda Amaze  ,2011,226744.64,210655,Electric,Manual,0.0,167.8
Honda Civic,2020,358692.01,85659,Petrol,Manual,1.0,13.9
Volkswagen Polo,2017,340871.52,113249,Petrol,Manual,1.4,12.9
Ford Fiesta,2016,817552.9,72742,Petrol,Automatic,,12.7
BMW X5,2022,1862479.98,48040,Petrol,Manual,1.8,9.6
Toyota RAV4,2023,1199909.74,33749,Petrol,Automatic,1.6,13.2
Maruti Suzuki Dzire,2021,481167.98,34221,Petrol,Automatic,1.7,11.4
Toyota Yaris,2016,552152.33,116975,Petrol,Automatic,1.8,13.3
BMW X5,2009,610558.43,129290,Diesel,Automatic,2.5,9.7
Audi Q5,2022,3325280.92,53286,Petrol,Automatic,2.5,11.2
Hyundai i20,2011,139335.66,176930,Petrol,Manual,1.7,8.3
Volkswagen Virtus,2020,597728.11,79314 KM,Petrol,Automatic,1.5,8.6
Hyundai Venue,2010,120000.0,209011 KM,Petrol,Manual,1.2,12.6
Tata Nexon,2022,408329.91,58973,Diesel,Manual,1.2,19.1
Volkswagen Virtus,2011,153280.7,130290,Petrol,Manual,1.6,11.2
Audi Q5,2015,1202738.07,141878,Hybrid,Manual,2.8,26.3
Honda CR-V,2020,635382.91,51136,CNG,Automatic,1.7,21.2
Mercedes-Benz E-Class,2024,3827456.93,11813,Petrol,Manual,2.4,11.7
BMW X3,2023,2855845.16,49727,Petrol,Automatic,2.0,12.7
Hyundai Tucson,2016,256744.62,160906,Diesel,Manual,1.4,15.2
Honda CR-V,2023,659018.54,21513,Petrol,Manual,1.2,14.9
Ford Mustang,2024,1542502.19,28033,Petrol,Manual,2.3,10.0
Mercedes-Benz GLE,2018,1416100.25,100699,Diesel,Automatic,1.6,15.3
Tata Altroz,2015,120000.0,149359,Petrol,Manual,1.0,15.5
Tata Altroz,2013,211251.31,187842,Diesel,Automatic,2.0,15.6
BMW 1 Series,2017,1043160.81,149143,Petrol,Manual,2.0,
Volkswagen Virtus,2018,474240.91,78179,Petrol,Manual,1.6,13.8
Toyota Corolla,2022,1011739.63,25832,Diesel,Automatic,1.5,17.6
Mercedes-Benz E-Class,2014,774061.19,158556,Diesel,Automatic,1.7,15.9
Ford Focus,2008,139983.28,244276,Petrol,Manual,2.3,11.5
Maruti Suzuki Dzire,2015,186962.81,"107,601 km",Diesel,Manual,1.8,15.9
Audi Q3,2019,2384596.91,91248,Petrol,Automatic,2.7,9.6
BMW X3,2013,672308.11,114622,Petrol,Automatic,2.1,11.9
Volkswagen Tiguan,2010,142323.14,299111,Diesel,Automatic,2.0,13.0
Hyundai i20,2021,387834.06,62132,Petrol,Automatic,1.3,12.8
Audi A4,2017,1703877.28,93375,Diesel,Automatic,2.5,15.3
BMW X5,2012,645420.42,248585,Petrol,Automatic,2.4,10.5
Maruti Suzuki Brezza,2022,522365.22,32423,Diesel,Automatic,1.6,10.7
Maruti Suzuki Baleno,2020,387263.58,79090,Petrol,Automatic,1.6,16.3
Maruti Suzuki Dzire,2015,138219.1,164482,Petrol,Manual,1.6,10.6
Maruti Suzuki Dzire,2016,290013.65,132962,Hybrid,Manual,2.3,21.9
BMW X5,2014,905673.94,159712,Petrol,Manual,2.9,6.5
Volkswagen Vento,2013,341557.02,199368,Electric,Manual,0.0,151.8
Maruti Suzuki Ertiga,2017,162797.7,116690,Petrol,Manual,1.4,12.1
Maruti Suzuki Baleno,2018,204370.56,97304,Diesel,Automatic,1.2,
Hyundai Tucson,2023,769861.59,43333,Petrol,Automatic,1.6,11.3
Audi A3,2023,2702614.44,27615,Diesel,Automatic,1.7,17.6
Maruti Suzuki Brezza,2020,323861.36,75455,Diesel,Manual,1.9,13.5
Ford Endeavour,2015,532719.37,135809,Petrol,Automatic,,11.5
Audi Q5,2014,1204081.7,126071,Electric,Automatic,0.0,164.6
Audi A6,2023,4266935.49,38934,Petrol,Automatic,3.2,8.9
Hyundai Verna,2010,184231.69,295584,Electric,Manual,0.0,205.3
Volkswagen Vento,2024,1292773.36,17087,Diesel,Automatic,1.7,13.2
Volkswagen Vento,2020,1358835.07,99835,Electric,Automatic,0.0,172.1
Honda Amaze,2021,551707.76,51819,CNG,Manual,1.5,26.3
Volkswagen Virtus,2008,120000.0,257537,CNG,Automatic,1.3,17.9
Maruti Suzuki Dzire,2019,258620.66,115938,  Petrol ,Automatic,1.5,13.7
Volkswagen Taigun,2015,468966.51,178296,Electric,Manual,0.0,174.9
Hyundai Verna,2015,365201.36,197684,,Manual,0.0,177.4
Mercedes-Benz A-Class,2011,655903.38,76173,Petrol,Automatic,2.2,15.5
Hyundai Verna,2010,120000.0,194221,Petrol,Manual,1.0,11.2
Tata Altroz,2021,356341.82,72163,Petrol,Automatic,1.1,12.1
Tata Punch,2019,446725.91,80350,Petrol,Manual,1.9,10.0
Tata Harrier,2010,120000.0,287596,Petrol,Manual,1.6,9.1
Tata Punch,2012,120000.0,124235,,Manual,1.0,14.1
Hyundai Verna,2017,271156.64,124836,Petrol,Manual,1.6,11.0
Audi A3,2012,690951.89,199147,Petrol,Automatic,2.4,7.7
Audi Q5,2016,1197717.96,97780,Petrol,Automatic,2.2,11.9
Tata Harrier,2017,292419.63,38181,CNG,Automatic,1.6,27.5
Toyota Camry,2020,750266.03,67864,Petrol,Manual,1.9,9.6
Toyota Yaris,2010,164645.2,180253,Petrol,Automatic,1.6,14.1
Volkswagen Virtus,2013,197047.06,174619,Petrol,Automatic,1.5,13.3
Hyundai i20,2022,562252.48,47754,Diesel,Manual,1.4,17.5
Maruti Suzuki Ertiga,2024,1066036.67,33169,Electric,Automatic,0.0,199.1
Ford Endeavour,2023,1382192.49,"21,940 km",CNG,Manual,2.1,24.5
Audi Q3,2016,1318724.53,90042,Petrol,Automatic,2.5,9.0
Audi A6,2012,545595.73,213775,Diesel,Manual,2.3,13.9
Audi A6,2022,3872378.81,22167,Diesel,Manual,2.9,12.0
BMW X3,2008,353732.61,218944,Petrol,Automatic,2.1,14.4
Toyota RAV4,2016,267155.62,157482,Petrol,Manual,1.4,13.2
Maruti Suzuki Swift,2017,391952.7,80401 KM,Electric,Manual,0.0,137.3
Hyundai i20,2018,282407.28,66075,CNG,Automatic,1.2,21.1
Hyundai Verna,2010,120000.0,186815,Petrol,Automatic,1.1,10.3
Mercedes-Benz E-Class,2022,4388819.52,17723,Petrol,Automatic,3.0,8.8
Toyota Fortuner,2015,577234.23,52509,Electric,Manual,0.0,173.5
Ford Focus,2012,337722.99,255046,Diesel,Manual,2.8,11.1
Ford Mustang,2013,381765.05,151994,Petrol,Manual,2.3,12.0
Hyundai Verna,2020,397450.87,42399,Petrol,Automatic,1.1,13.1
Ford Mustang,2016,491974.23,122630,Diesel,Manual,2.0,12.3
Ford Fiesta,2019,1385456.73,126777,Petrol,Automatic,3.0,11.4
Ford EcoSport,2009,154247.87,336502,Diesel,Automatic,2.1,13.7
Maruti Suzuki Swift,2018,286590.29,78652,Diesel,Automatic,1.7,13.8
Volkswagen Tiguan,2024,2158679.02,15236,Electric,Automatic,0.0,159.4
Volkswagen Polo,2020,722939.27,43738,Diesel,Automatic,1.7,14.1
Honda City,2009,120000.0,207178,Petrol,Manual,1.6,13.7
Mercedes-Benz GLE,2009,472632.29,153315,Petrol,Manual,2.2,11.8
Maruti Suzuki Ertiga,2017,323093.91,114667,Diesel,Automatic,2.1,15.6
Ford Mustang,2008,120000.0,246776,CNG,Automatic,1.6,24.4
Hyundai Tucson,2023,1563287.48,19185,Electric,Automatic,0.0,173.7
Mercedes-Benz GLC,2021,1964193.49,89571,Petrol,Manual,2.0,12.3
Tata Punch,2013,147748.71,124689,CNG,Manual,1.7,20.6
Mercedes-Benz GLC,2023,4418699.21,42565,Hybrid,Automatic,2.2,17.9
Hyundai Creta,2010,137680.03,197651,Diesel,Automatic,1.8,16.0
Hyundai i20,2013,195311.6,188827,Petrol,Automatic,1.8,8.5
Maruti Suzuki Brezza,2015,155283.99,"227,144 km",Hybrid,Manual,1.7,19.9
Hyundai i20,2019,380702.25,80179,Diesel,Manual,1.5,16.5
Ford Mustang,2017,556387.96,73913,Petrol,Automatic,1.6,14.8
Hyundai Venue,2012,120000.0,"223,446 km",  Petrol ,Manual,1.2,16.9
Audi A4,2020,3165495.23,71842,Petrol,Automatic,3.5,8.6
Ford Endeavour,2024,1877705.37,19733,Petrol,Manual,2.7,15.0
Tata Harrier,2014,146707.13,"134,770 km",Diesel,Automatic,1.0,18.9
Audi Q3,2008,421985.93,180944,Petrol,Manual,2.8,12.8
Maruti Suzuki Dzire,2011,120000.0,225931,Diesel,Manual,1.8,11.2
Hyundai i20,2011,148593.74,69095,Diesel,Manual,1.4,15.2
Ford EcoSport,2014,387399.93,200853,Diesel,Manual,2.1,13.5
Honda Amaze,2017,293532.72,133720,Diesel,Automatic,1.3,13.3
Audi A6,2010,636483.94,213530,,Manual,3.4,8.3
Ford Endeavour,2011,360946.16,197385,Petrol,Automatic,3.3,10.5
Mercedes-Benz GLE,2024,6538856.01,21948,Diesel,Manual,3.5,11.3
Volkswagen Tiguan,2014,190308.63,169844,Petrol,Automatic,1.2,16.4
Volkswagen Virtus,2022,866053.62,46098,Diesel,Manual,1.7,16.6
BMW 3 Series,2014,909224.29,85798,Petrol,Manual,2.6,11.1
Tata Nexon,2021,389985.49,66240,Diesel,Manual,1.4,14.5
Honda CR-V,2022,647613.6,49081,Petrol,Automatic,1.4,14.2
Ford EcoSport,2022,1821979.99,39663,Petrol,Automatic,2.5,10.4
Tata Safari,2010,140657.6,185371,Petrol,Automatic,2.2,14.5
Toyota RAV4,2024,1731819.13,30534,Hybrid,Automatic,1.7,
Audi Q5,2023,2121941.58,54552,Diesel,Automatic,1.6,12.8
Mercedes-Benz GLC,2018,1038961.94,147216,Petrol,Manual,1.9,12.0
Mercedes-Benz GLC,2020,1746191.42,84062,Petrol,Manual,2.2,11.5
BMW 1 Series,2015,1171014.58,"113,611 km",Diesel,Manual,3.2,15.2
Tata Harrier,2016,253700.7,123742 KM,Diesel,Manual,1.7,12.0
Toyota Fortuner,2020,528210.64,62138,Petrol,Automatic,1.3,13.9
Honda Amaze,2023,568956.35,33485,Petrol,Manual,1.2,12.5
Audi A3,2013,479657.61,88714,Diesel,Manual,1.6,13.4
Tata Altroz,2015,321150.42,81337,Diesel,Automatic,2.2,15.9
Maruti Suzuki Dzire,2023,523153.73,25061,Petrol,Manual,1.8,13.8
Tata Altroz,2014,184543.07,156898,Petrol,Manual,1.7,11.2
Honda Accord,2019,555996.63,84591,Petrol,Manual,1.8,15.2
Hyundai Verna,2010,120000.0,227071,Petrol,Automatic,1.2,12.3
Maruti Suzuki Swift,2011,120000.0,153162,Diesel,Manual,1.3,17.9
Hyundai Creta,2023,668314.55,25595,Diesel,Manual,1.3,15.8
Volkswagen Vento,2011,125187.61,189662,Petrol,Automatic,1.4,13.2
Maruti Suzuki Dzire,2009,120000.0,197505,Petrol,Manual,1.5,11.9
Audi Q3,2014,1025054.93,185268,Petrol,Automatic,2.9,
Audi A3,2015,1131327.1,"132,899 km",CNG,Automatic,,22.6
Ford Fiesta,2016,859165.11,81227,Petrol,Manual,3.4,10.1
Toyota Fortuner,2021,850294.45,57199,Petrol,Manual,1.8,10.3
Honda Amaze,2024,940532.7,16950,Petrol,Manual,1.6,12.1
Mercedes-Benz A-Class,2013,450235.23,92877,Petrol,Manual,1.6,15.0
Audi Q3,2012,559713.4,97634,CNG,Automatic,2.0,26.6
BMW 5 Series,2013,1209931.56,73155,Petrol,Automatic,3.2,9.5
Audi A6,2013,779101.97,117805 KM,Diesel,Automatic,,12.1
Honda CR-V,2018,563496.01,76840,Diesel,Automatic,1.7,13.0
Maruti Suzuki Baleno,2020,271418.23,77009,Diesel,Automatic,1.1,17.2
Volkswagen Vento,2011,182262.34,96098,Hybrid,Manual,1.6,20.6
Hyundai Tucson,2013,166579.81,155677,Hybrid,Automatic,1.3,21.3
Tata Altroz,2010,120000.0,284449,Petrol,Manual,1.6,14.7
Maruti Suzuki Dzire,2019,176756.21,125047,Petrol,Automatic,1.1,13.4
Audi A6,2023,3253448.23,36453,Petrol,Automatic,2.3,16.4
Hyundai Verna,2017,339446.01,128149,Petrol,Manual,2.0,15.5
BMW 5 Series,2013,683906.5,122480,Diesel,Manual,2.1,14.7
Honda City,2008,128291.2,57109,Diesel,Automatic,1.3,16.6
Honda Civic,2016,364725.41,160758,Diesel,Automatic,1.7,16.0
Volkswagen Vento  ,2011,187357.77,203808,Diesel,Manual,1.7,16.2
Maruti Suzuki Swift,2022,379036.96,17115,Diesel,Automatic,1.5,14.0
Tata Altroz,2008,120000.0,170598,CNG,Automatic,1.7,24.6
Maruti Suzuki Swift,2024,436658.8,17251,Petrol,Automatic,1.1,
Maruti Suzuki Baleno,2018,181099.1,83008,Petrol,Manual,1.2,14.3
Ford Fiesta,2020,739548.82,101779 KM,Petrol,Manual,2.1,12.3
Hyundai Verna,2021,633710.76,20757,Hybrid,Manual,1.4,22.4
Toyota Fortuner,2024,1268127.55,18837,Petrol,Automatic,1.7,14.7
Audi A4,2024,3454461.54,"24,342 km",Petrol,Manual,2.5,15.5
Ford Mustang,2021,1619968.5,37718,Diesel,Manual,3.1,11.6
Toyota Fortuner,2019,657594.94,118190,Diesel,Automatic,1.7,9.1
Maruti Suzuki Baleno,2017,269156.85,116671,Hybrid,Manual,1.8,22.4
Maruti Suzuki Baleno,2011,120000.0,185049,Petrol,Manual,2.0,9.3
Honda Accord,2015,349504.14,118263,Diesel,Automatic,1.8,14.1
Hyundai Verna,2012,141684.89,113393,Diesel,Manual,1.6,16.1
Maruti Suzuki Baleno,2010,120000.0,226260,Petrol,Manual,1.2,11.8
Toyota Fortuner,2014,257651.11,"197,756 km",Diesel,Manual,1.7,14.8
Honda Amaze,2018,794336.95,65756,Diesel,Automatic,2.4,9.0
Maruti Suzuki Brezza,2017,209924.78,52434,Petrol,Automatic,1.3,9.4
Mercedes-Benz GLE,2014,1024274.61,154233,Petrol,Automatic,2.6,9.9
Hyundai Verna,2015,231796.71,109982,Petrol,Manual,1.6,15.8
Tata Altroz,2019,475581.67,85296,Petrol,Manual,2.0,10.7
Honda Civic,2012,120000.0,259763,Petrol,Manual,1.4,10.7
BMW 5 Series,2024,4902091.15,25791,Hybrid,Automatic,2.7,24.5
Hyundai Verna,2023,1169925.38,32321,Petrol,Automatic,2.1,12.2
Audi A3,2010,378246.03,200789,CNG,Automatic,1.9,19.1
Volkswagen Vento,2019,495966.18,78852,Petrol,Automatic,1.3,14.1
Volkswagen Virtus,2020,556768.58,92619,Petrol,Manual,1.5,16.4
Ford Fiesta,2013,219011.7,136275,Diesel,Manual,1.6,14.1
Toyota RAV4,2014,304763.57,123068,Petrol,Manual,1.7,8.8
Toyota Fortuner,2016,372502.06,157947,Diesel,Automatic,1.4,13.0
Volkswagen Virtus,2008,120000.0,"110,049 km",Petrol,Automatic,1.2,12.3
Mercedes-Benz GLE,2009,352098.11,193238,CNG,Manual,2.3,27.4
Ford Fiesta,2016,744341.44,108895,Petrol,Manual,2.8,8.5
Toyota RAV4,2010,120000.0,219507,Diesel,Automatic,1.2,15.8
Maruti Suzuki Dzire,2018,235892.62,143780,Diesel,Automatic,1.7,15.2
Ford Endeavour,2024,1536536.92,18466,Petrol,Automatic,1.6,8.4
Volkswagen Taigun,2022,626245.57,14521,CNG,Manual,1.5,27.0
Ford Focus,2020,1100017.12,64524,Petrol,Manual,2.7,6.6
Mercedes-Benz A-Class,2017,1400548.98,173275,Petrol,Manual,2.6,12.1
Hyundai Tucson,2008,120000.0,"305,337 km",Petrol,Automatic,1.5,14.8
Mercedes-Benz E-Class,2023,2474488.57,23867,Hybrid,Manual,1.6,23.5
Toyota Yaris,2010,120000.0,284714,CNG,Manual,1.0,22.3
Ford Focus,2019,1335521.89,38673,Petrol,Manual,,11.1
Toyota Yaris,2014,220306.59,161253,,Automatic,1.4,22.4
BMW 5 Series,2017,2218938.56,86803,Hybrid,Automatic,3.3,19.2
Maruti Suzuki Brezza,2010,120000.0,162459,Diesel,Manual,1.0,16.1
Mercedes-Benz GLE,2023,5306808.78,46245,Hybrid,Automatic,3.1,23.6
Audi Q3,2016,1008669.2,87506,CNG,Manual,2.4,18.3
Audi Q5,2013,960756.0,"129,016 km",Petrol,Automatic,2.7,13.8
Volkswagen Polo,2011,194320.06,166609,Petrol,Manual,2.0,11.5
Honda Amaze,2009,120000.0,273491,CNG,Manual,1.5,23.0
Mercedes-Benz A-Class,2009,321016.94,156254,Petrol,Manual,1.8,15.7
Hyundai Venue,2013,176141.99,188319,Hybrid,Automatic,1.3,20.8
Maruti Suzuki Ertiga,2011,120000.0,125082,Diesel,Manual,1.0,17.3
Honda Civic,2020,564294.19,92649,,Manual,1.8,11.2
Maruti Suzuki Ertiga,2014,120000.0,197545,Hybrid,Manual,1.0,23.1
Hyundai i20,2012,194098.83,103034,Diesel,Automatic,1.6,18.3
Honda Civic,2009,120000.0,231630,Petrol,Manual,1.4,13.7
Honda Accord,2022,1110969.74,70342,Diesel,Automatic,2.1,8.8
BMW 1 Series,2017,1042615.64,109564,Petrol,Manual,2.3,17.6
Tata Safari,2012,143046.54,220262,Diesel,Automatic,1.6,13.6
Honda Amaze,2022,710062.47,58617,Diesel,Manual,1.5,14.6
Mercedes-Benz GLE,2010,530714.88,136822,Diesel,Automatic,1.6,15.5
Mercedes-Benz C-Class,2018,2243072.14,124006,Petrol,Manual,3.1,9.1
BMW 3 Series,2009,583224.5,197704,Diesel,Automatic,2.9,11.7
Volkswagen Virtus,2015,328087.82,144938,Petrol,Automatic,1.7,14.8
Audi A6,2013,984934.81,83107,CNG,Automatic,2.7,27.5
Volkswagen Vento,2023,492777.58,41396,CNG,Manual,1.0,21.1
Audi Q5,2023,3102871.14,14244,Diesel,Automatic,1.8,15.7
Mercedes-Benz A-Class  ,2012,815038.59,210739,Electric,Automatic,0.0,181.1
Toyota Camry,2017,386063.7,154915,Petrol,Manual,1.6,13.9
Audi A3,2014,1072348.19,140298,Hybrid,Manual,2.8,23.6
Mercedes-Benz GLC,2019,1924320.47,67518,Petrol,Manual,2.9,9.6
Toyota Camry,2011,205658.68,122901,Petrol,Manual,1.8,9.2
Hyundai Tucson,2014,120000.0,176407,CNG,Manual,1.1,25.4
Maruti Suzuki Dzire,2023,288318.8,55065,CNG,Manual,1.1,21.1
Hyundai i20  ,2020,433636.91,97042,Petrol,Manual,1.4,17.4
Mercedes-Benz A-Class,2024,5160269.46,23113,Electric,Automatic,0.0,174.8
Hyundai Creta,2012,120000.0,165854,CNG,Manual,1.0,21.7
Toyota Yaris,2020,463990.41,93942,Petrol,Automatic,1.2,12.7
Audi A6,2022,3845742.68,47227,Petrol,Automatic,2.7,8.2
Audi A3,2017,1658832.04,"82,163 km",Electric,Manual,0.0,164.4
BMW X5,2009,383973.54,152041,Diesel,Manual,2.2,12.6
Tata Harrier,2009,135579.01,131888,Hybrid,Automatic,1.8,21.2
Tata Altroz,2019,342481.97,37403,Diesel,Manual,1.4,14.0
Audi Q3,2020,3247826.34,68285,Petrol,Automatic,3.5,10.8
Toyota Fortuner,2009,147900.28,142529,Petrol,Automatic,1.6,12.3
Maruti Suzuki Baleno,2022,353416.18,49463,Hybrid,Automatic,1.0,20.6
Mercedes-Benz GLC,2015,637490.94,140735,Diesel,Manual,1.6,16.5
Maruti Suzuki Ertiga,2017,237489.36,56637,Diesel,Automatic,1.4,16.0
Mercedes-Benz C-Class,2018,1806712.11,96264,Diesel,Manual,,13.3
Audi A6,2013,628845.48,199472,Petrol,Automatic,2.1,13.2
Audi A6,2014,1087039.9,176616,Electric,Automatic,0.0,156.6
Ford EcoSport,2020,1303121.66,61125,Electric,Automatic,0.0,186.6
Hyundai i20,2014,223491.57,143261,Petrol,Automatic,1.6,10.9
Maruti Suzuki Dzire,2011,120000.0,205970,Hybrid,Automatic,1.4,21.5
Toyota RAV4,2009,120000.0,268862,Petrol,Automatic,1.4,11.4
BMW 3 Series,2008,390768.86,302216,Petrol,Automatic,3.0,11.9
Maruti Suzuki Baleno,2010,120000.0,158597,CNG,Automatic,1.7,26.3
Toyota Yaris,2018,313048.53,116798,Petrol,Manual,1.1,15.8
BMW X5,2020,2520628.91,95044,Electric,Automatic,0.0,150.5
Hyundai Creta,2008,120000.0,"149,492 km",Petrol,Automatic,1.2,13.6
BMW 5 Series,2014,703571.07,146633,Petrol,Automatic,1.6,13.6
Honda Accord,2019,606178.87,81273,Petrol,Manual,2.1,9.9
Mercedes-Benz E-Class,2020,2649355.82,73435,Hybrid,Automatic,2.1,19.1
Honda Accord,2012,173776.59,"188,138 km",Petrol,Manual,1.7,11.8
Toyota Corolla,2024,1246238.21,15397,Diesel,Manual,1.6,15.6
Toyota Camry,2016,330101.83,69407,Petrol,Manual,1.3,13.3
Ford Mustang,2011,427657.35,162689,Hybrid,Automatic,2.6,18.9
Hyundai Verna,2023,535994.41,41036,  Diesel ,Manual,1.2,12.8
Tata Safari,2009,120000.0,113607,Petrol,Automatic,1.5,11.1
Tata Harrier,2014,249903.69,"168,961 km",Petrol,Automatic,2.2,11.3
Maruti Suzuki Brezza,2023,378897.93,48080,Petrol,Automatic,,15.3
Audi A6,2010,533314.93,212994,Petrol,Automatic,2.5,9.8
BMW 1 Series,2022,2727719.43,33801,Electric,Manual,0.0,179.4
Honda CR-V,2015,371672.68,127426,  CNG ,Automatic,2.2,31.0
Hyundai i20,2019,313525.22,92800,Diesel,Manual,1.3,15.9
BMW X5,2021,1556577.1,98089,Diesel,Manual,2.0,13.2
Toyota Corolla,2018,288484.65,118308,Petrol,Automatic,1.0,17.6
Toyota RAV4,2013,209312.69,154883,Petrol,Manual,1.5,11.1
Honda Accord,2019,331119.78,124570 KM,Petrol,Manual,1.3,14.7
Honda Accord,2015,217961.15,61392,Diesel,Manual,1.1,17.1
Maruti Suzuki Baleno,2012,120000.0,112818,Diesel,Automatic,1.4,13.6
Mercedes-Benz GLE,2012,950854.9,218192,Diesel,Manual,3.3,14.1
Hyundai Venue,2014,220238.08,172327,Petrol,Manual,1.8,13.1
Tata Safari,2014,202798.29,"140,621 km",Petrol,Manual,1.8,16.7
BMW X3,2022,5471032.86,9944,  Hybrid ,Automatic,3.7,18.6
Honda Civic,2022,691473.73,77674,Petrol,Manual,1.8,10.9
Audi Q5,2015,916543.66,102933,CNG,Manual,2.4,23.5
Volkswagen Vento,2016,235150.14,117228,Petrol,Manual,1.2,12.3
Maruti Suzuki Baleno,2021,367894.66,58138,Petrol,Automatic,1.5,10.6
Honda Accord,2024,1719952.83,23288,  Electric ,Manual,0.0,138.3
BMW 5 Series,2012,1078994.54,195359,Petrol,Automatic,4.3,7.0
Tata Nexon,2024,518711.58,"12,239 km",Hybrid,Manual,1.0,25.7
Maruti Suzuki Dzire,2020,329562.34,80485,Diesel,Automatic,1.6,16.9
Mercedes-Benz GLE,2014,1470830.4,65811,Petrol,Automatic,3.0,10.3
Ford Mustang,2019,1644164.14,48594,Petrol,Manual,3.9,7.3
BMW 3 Series,2015,1035312.32,202423,Diesel,Automatic,2.5,14.2
Volkswagen Tiguan,2012,205461.84,182731,Petrol,Automatic,1.7,16.1
Maruti Suzuki Swift,2008,120000.0,206067 KM,Diesel,Automatic,1.9,12.9
Volkswagen Taigun,2024,1297450.94,26132,Diesel,Automatic,1.7,18.8
Tata Altroz,2019,320180.15,70997 KM,Petrol,Manual,1.4,13.7
Mercedes-Benz E-Class,2022,2816121.77,45051,Diesel,Automatic,2.1,10.5
Volkswagen Virtus,2018,536671.14,97903,Petrol,Manual,1.8,10.2
Volkswagen Tiguan,2023,997637.61,21031,Diesel,Automatic,1.7,13.9
Honda City,2014,146464.11,250255,Petrol,Manual,1.3,13.7
Audi Q5,2009,745635.44,194636,Hybrid,Automatic,3.6,24.4
Audi Q3,2016,1699219.13,84181 KM,Diesel,Automatic,,10.1
Hyundai i20,2022,503301.98,63637,Petrol,Manual,1.5,11.8
Mercedes-Benz C-Class,2024,5283510.75,21848,Hybrid,Manual,3.0,23.7
Mercedes-Benz C-Class,2014,1019734.54,"150,288 km",Diesel,Manual,2.6,14.5
Honda Civic,2018,483300.29,111825,Diesel,Automatic,1.6,16.1
BMW X5,2014,1201400.2,148564,Petrol,Automatic,3.0,9.6
Mercedes-Benz E-Class,2011,970389.63,134308,Petrol,Automatic,2.7,10.9
Honda City,2018,358719.81,100421,Petrol,Manual,1.5,14.9
Ford Fiesta,2024,1670719.79,17238,Petrol,Manual,2.4,13.9
Audi A3,2014,1017514.24,149575,Petrol,Manual,2.8,7.6
Toyota Camry,2022,838633.38,17298,CNG,Manual,1.6,21.1
Tata Safari,2022,636259.17,44439,Diesel,Manual,1.7,16.4
Tata Nexon,2009,120000.0,247404,Petrol,Manual,1.5,14.5
Volkswagen Polo,2020,817765.28,72308,Petrol,Automatic,2.1,15.4
Audi A3,2013,648050.56,138566,Diesel,Manual,1.9,15.4
Volkswagen Vento,2014,269546.99,158810,Petrol,Automatic,1.7,10.8
Honda CR-V,2018,324987.96,71411,Diesel,Automatic,1.0,17.6
Mercedes-Benz E-Class,2016,852924.27,98301,Petrol,Manual,1.6,12.0
Toyota RAV4,2009,120000.0,175663,Petrol,Automatic,1.0,13.7
Toyota Corolla,2021,649380.73,83981,CNG,Manual,1.6,31.2
Hyundai i20,2018,364687.16,47197,Diesel,Manual,1.4,13.1
Volkswagen Tiguan,2017,427982.74,154869,Petrol,Automatic,1.6,15.2
Honda Civic,2014,179139.36,188374,Petrol,Manual,1.3,12.1
Hyundai Tucson,2015,155461.31,"122,225 km",Petrol,Manual,1.1,12.2
Toyota RAV4,2012,406485.2,169409,Electric,Automatic,0.0,182.6
Ford Focus,2018,996850.05,67866,Electric,Manual,0.0,164.2
BMW 3 Series,2022,3091119.94,45923,Hybrid,Manual,2.5,20.7
Mercedes-Benz GLE,2016,1384062.07,126069,Petrol,Automatic,2.1,14.9
Ford Focus,2022,1825311.61,67806,Petrol,Manual,3.5,9.3
Hyundai Verna,2012,185656.61,147238,Diesel,Automatic,1.5,7.8
Volkswagen Polo,2009,120000.0,280849,CNG,Automatic,1.2,21.5
Toyota Yaris,2023,1255837.95,51048,  Petrol ,Manual,2.1,7.4
Tata Harrier,2015,233194.0,89456,Petrol,Manual,1.7,13.5
Mercedes-Benz GLE,2017,2003237.5,"132,400 km",Electric,Automatic,0.0,145.8
BMW X5,2015,1310779.29,97529,Electric,Manual,0.0,135.7
Ford Fiesta,2017,978592.72,93425,Diesel,Manual,3.1,7.9
Mercedes-Benz C-Class  ,2024,3538984.47,21127,Petrol,Manual,2.3,12.3
Volkswagen Vento,2016,329887.46,79442,Petrol,Automatic,1.2,12.2
Audi A6,2015,887158.5,123004,Petrol,Manual,2.2,13.9
Audi Q5,2020,1795406.02,123064,CNG,Manual,2.6,23.7
Volkswagen Vento,2015,415822.36,155420,Petrol,Automatic,,11.9
BMW X5,2012,408158.2,246537,Petrol,Automatic,1.8,14.7
BMW X5,2011,756894.73,98638,Diesel,Automatic,2.5,
Volkswagen Taigun,2014,176972.6,177156,Petrol,Manual,1.5,11.5
Volkswagen Polo,2008,120000.0,201778,Diesel,Manual,1.5,13.7
Maruti Suzuki Brezza,2010,120000.0,288062,Diesel,Automatic,1.2,12.7
Honda Accord,2021,1290767.22,"42,546 km",Electric,Automatic,0.0,162.7
Maruti Suzuki Swift,2019,317571.15,102835 KM,Petrol,Automatic,1.7,12.7
Mercedes-Benz A-Class,2015,1230307.27,122547,Petrol,Manual,2.7,10.9
Tata Harrier,2010,124380.83,117730,Diesel,Automatic,1.7,12.0
Hyundai Venue,2019,513599.97,125905 KM,Diesel,Manual,2.0,13.5
Ford Mustang,2016,703471.93,112514,Diesel,Manual,2.6,10.1
Honda Accord,2023,968631.16,37474,Diesel,Automatic,1.5,13.1
Tata Safari,2024,880819.97,21055,Diesel,Manual,1.9,10.4
Toyota Camry,2021,399320.16,54085 KM,  Diesel ,Manual,1.0,15.0
Maruti Suzuki Dzire,2015,140874.47,98653 KM,Diesel,Manual,1.4,13.0
Toyota Fortuner,2008,120000.0,285933,Diesel,Automatic,1.3,14.1
Hyundai Venue,2018,395418.87,"108,350 km",Diesel,Manual,1.6,13.0
Honda Civic,2013,188413.3,163454,Petrol,Manual,1.6,12.4
Volkswagen Polo,2017,332700.07,131290,Diesel,Automatic,1.2,14.3
Ford Mustang,2014,341560.63,188087,Diesel,Automatic,2.2,12.6
Audi A4,2018,2591409.63,172087,Diesel,Automatic,3.3,13.8
Honda Civic,2010,120000.0,146222,Diesel,Automatic,1.2,17.7
BMW 5 Series,2022,1786293.49,50434,CNG,Manual,1.6,25.7
Mercedes-Benz GLC,2016,1027392.0,130494,Diesel,Automatic,1.8,15.4
Hyundai i20,2020,662575.6,38512,Hybrid,Automatic,1.5,18.4
Volkswagen Polo,2010,134053.48,332085,  Diesel ,Manual,1.7,13.3
Audi A4,2023,2929765.51,26008,CNG,Manual,2.7,23.0
Tata Safari,2012,120000.0,227013,Petrol,Manual,1.5,10.5
Maruti Suzuki Swift,2011,120000.0,190047,Petrol,Manual,1.6,8.2
Toyota Camry,2018,424158.18,94615,Petrol,Manual,1.8,11.7
Hyundai Verna,2022,797588.56,48207,Hybrid,Automatic,1.5,23.4
Volkswagen Polo,2011,120000.0,202342,CNG,Automatic,1.3,25.7
Ford EcoSport,2023,2230842.15,21676,Electric,Automatic,0.0,142.0
Honda Accord,2021,691422.69,60859,Petrol,Automatic,1.6,15.8
Toyota Corolla,2013,156933.6,204492,Petrol,Manual,1.5,13.5
Maruti Suzuki Swift,2008,120000.0,71975,Diesel,Manual,1.7,12.8
Ford Fiesta,2024,2386692.5,4630,Diesel,Manual,3.0,11.0
Toyota RAV4,2013,203053.35,114737,Diesel,Automatic,1.2,17.2
Toyota Corolla,2022,902757.67,37834,Petrol,Manual,1.7,10.0
Hyundai Venue,2021,531073.4,82744,Hybrid,Automatic,1.4,19.7
Hyundai Creta,2013,154566.79,176143,Diesel,Automatic,1.4,14.0
Ford Endeavour,2024,1842096.78,30128,Electric,Manual,0.0,198.3
BMW 5 Series,2024,3130522.64,33740,Diesel,Manual,2.5,11.7
Volkswagen Taigun,2024,947620.51,"26,379 km",Petrol,Manual,1.6,12.5
Maruti Suzuki Baleno,2009,120000.0,103823,Diesel,Manual,1.3,15.5
BMW X3,2023,4568072.18,28519,Petrol,Automatic,3.3,9.8
Mercedes-Benz A-Class,2018,1124599.0,140143,Petrol,Automatic,1.6,12.1
Honda CR-V,2010,178450.41,145276,Petrol,Manual,1.9,10.4
BMW X5,2011,470737.6,215233,Diesel,Automatic,1.9,11.6
Hyundai Venue,2008,120000.0,206578,Petrol,Automatic,1.6,13.9
Tata Altroz,2012,120000.0,150994,Petrol,Manual,1.0,14.5
Hyundai Creta  ,2021,498726.49,66798,Diesel,Manual,1.4,15.4
Hyundai Creta,2008,120000.0,284432,CNG,Manual,1.5,16.4
Honda Accord,2009,139915.58,"150,376 km",Diesel,Manual,1.8,14.8
Maruti Suzuki Dzire,2014,164928.18,68544,Petrol,Manual,1.7,10.4
Toyota Corolla,2012,215706.7,116860,Diesel,Manual,1.5,15.3
Maruti Suzuki Brezza,2023,594118.78,23745,Hybrid,Manual,1.6,24.1
Hyundai Tucson,2016,293593.61,91216,Diesel,Automatic,1.3,14.9
BMW X3  ,2022,2239613.39,50335,Petrol,Manual,2.2,10.7
Toyota Camry,2021,918553.33,61897,Petrol,Automatic,1.8,10.7
Honda City,2011,172292.45,111536,CNG,Manual,1.7,24.7
Hyundai Venue,2014,209435.98,137543,Diesel,Manual,1.6,12.5
Volkswagen Virtus,2018,948817.01,151408,Electric,Automatic,0.0,167.9
Toyota Corolla,2019,497322.68,98707,Petrol,Automatic,1.3,11.4
BMW 3 Series,2022,3274619.82,26045,Petrol,Automatic,2.8,9.1
Tata Safari,2023,507544.35,46601,Petrol,Manual,1.3,11.0
Hyundai Creta,2019,452397.33,60822,Petrol,Manual,1.6,11.6
Tata Harrier,2012,129811.17,98432,Petrol,Automatic,1.5,14.7
Maruti Suzuki Baleno,2018,236907.96,121744,CNG,Automatic,1.7,30.2
Maruti Suzuki Ertiga,2012,120000.0,203518,Diesel,Manual,1.5,16.5
Maruti Suzuki Dzire  ,2011,134919.79,207142,Diesel,Automatic,2.2,13.5
Toyota Fortuner,2013,312903.09,128823,Diesel,Automatic,1.7,15.0
Toyota Corolla,2018,420752.19,64245,Petrol,Automatic,1.1,16.5
Hyundai Creta,2020,511440.17,55447,Petrol,Manual,1.6,12.5
Hyundai Verna,2008,120000.0,"161,475 km",Petrol,Automatic,1.5,14.5
Maruti Suzuki Swift,2009,120000.0,170175,Petrol,Automatic,1.5,10.7
Volkswagen Tiguan,2016,315476.85,96444,Petrol,Manual,1.5,14.6
Honda City,2023,899794.39,48178,Diesel,Manual,1.5,17.3
Audi Q3,2020,1608748.45,83672,Diesel,Manual,1.9,11.7
Volkswagen Vento,2013,302164.76,57940,Petrol,Automatic,1.5,15.7
Toyota Fortuner,2017,437719.41,85017,Diesel,Automatic,1.4,14.5
Honda Accord,2010,120000.0,182109,Petrol,Manual,1.3,9.1
Honda Civic,2014,573562.52,87531,Electric,Automatic,0.0,147.8
Hyundai i20,2019,401053.18,68051,Diesel,Manual,1.5,15.7
Toyota RAV4,2012,440236.19,132654,Electric,Automatic,0.0,142.0
Hyundai Verna,2014,435926.1,94056 KM,Electric,Manual,0.0,160.9
BMW 5 Series,2017,1431572.86,93953,Petrol,Manual,2.3,9.2
Honda Accord,2011,202446.0,160933,Petrol,Manual,2.1,17.4
Audi Q3,2023,6148373.09,26051,Petrol,Automatic,4.1,9.4
Hyundai Tucson,2014,178790.81,164232,Diesel,Manual,1.4,12.3
Mercedes-Benz A-Class,2019,2655084.12,75357,Petrol,Manual,3.0,11.8
Toyota Corolla,2020,486172.28,104628,Petrol,Manual,1.3,12.2
Ford Fiesta,2020,897800.97,78862 KM,Hybrid,Manual,1.9,24.1
Maruti Suzuki Brezza,2020,323781.6,70226,Diesel,Automatic,1.4,14.0
Hyundai Verna,2014,156895.9,174696,Petrol,Manual,1.4,11.0
Volkswagen Tiguan,2012,250629.2,109032,Hybrid,Automatic,1.5,22.3
Volkswagen Taigun,2022,735564.36,69336,CNG,Automatic,1.4,18.1
Audi A3,2016,1151352.82,170245,Diesel,Automatic,2.2,13.8
Hyundai Tucson,2017,321789.98,81954,Petrol,Automatic,1.4,11.9
Toyota Yaris,2011,190479.75,179743,Petrol,Automatic,1.4,11.6
BMW 5 Series,2017,726242.29,175098,Petrol,Manual,1.8,13.8
Tata Punch,2021,543442.21,69339,Diesel,Manual,1.9,14.1
Volkswagen Vento,2022,638178.7,68804,Petrol,Automatic,1.3,12.9
Tata Altroz,2020,380951.68,76910,Diesel,Manual,1.5,16.7
Ford Focus,2011,282770.69,178377,Electric,Manual,0.0,129.1
Volkswagen Vento,2016,271199.24,62626,Petrol,Automatic,1.1,9.8
Toyota Fortuner,2016,513669.29,37710,Diesel,Automatic,1.9,13.7
Ford Fiesta,2013,310257.98,152022,Petrol,Manual,2.0,11.0
Ford Endeavour,2019,1034226.9,114943,Petrol,Manual,2.8,7.6
Volkswagen Tiguan,2017,377811.62,134025,Diesel,Manual,1.7,13.3
Tata Harrier,2018,291405.96,90897,Hybrid,Manual,1.3,20.8
Honda Amaze,2012,149633.31,206350,Diesel,Manual,1.3,13.7
Volkswagen Taigun,2017,430493.22,120057,Petrol,Manual,2.0,10.6
Hyundai Verna,2011,200207.12,153642,Petrol,Automatic,1.9,10.6
BMW X3,2009,594820.73,273031,Diesel,Automatic,3.4,9.8
Toyota Corolla,2018,480567.72,72244,Petrol,Manual,1.6,8.3
Audi A4,2012,969082.4,141277,Petrol,Manual,3.2,11.1
Hyundai Creta,2012,181193.68,138506,Petrol,Automatic,1.7,12.3
Volkswagen Virtus,2014,128325.42,200025,Diesel,Manual,1.0,16.6
Volkswagen Taigun,2009,120000.0,235108,Petrol,Automatic,1.2,11.8
Audi Q3,2013,471916.12,169215,Petrol,Manual,1.6,10.9
Ford EcoSport,2010,254355.3,186488,Diesel,Automatic,2.4,15.7
BMW 1 Series,2012,664030.09,191832,Petrol,Manual,2.9,11.5
BMW X3,2019,1686583.45,108084,Petrol,Automatic,2.0,9.9
Mercedes-Benz A-Class,2017,2159004.67,72988,Electric,Automatic,0.0,147.5
Volkswagen Vento,2020,951255.19,100537,Electric,Manual,0.0,160.9
Volkswagen Tiguan,2015,285797.36,108447,Diesel,Manual,1.5,15.2
Audi Q3,2023,2395608.45,16727,Petrol,Manual,1.9,12.4
Volkswagen Virtus,2010,120000.0,258769,CNG,Automatic,1.5,21.8
BMW X3,2023,2350502.4,26807,Diesel,Automatic,1.7,15.0
Ford Endeavour,2024,2725168.0,32357,Diesel,Automatic,2.6,10.2
Ford Mustang,2017,668225.79,66919,Diesel,Manual,2.2,12.3
Tata Nexon,2023,715351.47,44242 KM,Petrol,Manual,,11.5
Toyota Yaris,2022,872120.07,28684,Diesel,Manual,1.6,12.3
Hyundai Verna,2020,497843.13,87925,Petrol,Automatic,1.4,13.2
Hyundai Venue,2013,153950.21,76307,Hybrid,Automatic,1.0,24.1
BMW 1 Series,2017,1434802.72,92593,CNG,Automatic,3.1,27.4
Hyundai i20,2015,255426.34,135289,Diesel,Automatic,1.6,13.2
Audi Q3,2011,435450.87,172204,Petrol,Automatic,1.6,10.7
BMW 1 Series,2016,1493140.3,68805,Diesel,Manual,3.2,10.0
Maruti Suzuki Swift,2020,576267.8,103702,Electric,Manual,0.0,166.0
BMW 1 Series,2014,746783.06,189433,Petrol,Automatic,2.1,14.8
Mercedes-Benz A-Class,2020,2286711.38,77147,Petrol,Automatic,2.6,11.1
Ford Focus,2015,605873.69,119907,Electric,Automatic,0.0,143.8
Toyota Corolla,2016,361410.93,"132,395 km",CNG,Automatic,1.7,27.2
Audi A3,2024,4011653.24,36616,Petrol,Automatic,2.6,8.5
Tata Punch,2010,120000.0,112370,Diesel,Automatic,1.0,13.7
Tata Safari,2011,135371.51,95735,Petrol,Automatic,1.5,10.7
Ford Fiesta,2009,285898.43,"233,906 km",CNG,Automatic,3.1,29.0
Mercedes-Benz GLE,2019,2826652.09,69086,Hybrid,Automatic,2.5,17.1
Ford Endeavour,2016,667570.58,146294,Petrol,Automatic,3.0,7.9
Tata Altroz,2009,120000.0,145601,Petrol,Automatic,1.4,10.6
Volkswagen Vento  ,2010,353441.73,60175,Electric,Manual,0.0,169.8
Hyundai Tucson,2010,137918.16,113926,Diesel,Automatic,1.5,15.0
Volkswagen Vento,2015,217110.63,168010,Diesel,Manual,1.2,16.2
Toyota Camry,2021,949106.95,53506,Hybrid,Automatic,1.5,18.2
Volkswagen Tiguan,2022,876282.83,49699 KM,Petrol,Automatic,1.6,15.5
Volkswagen Tiguan,2020,587112.95,82693,Petrol,Manual,1.7,13.5
Toyota Fortuner,2019,624148.65,97271,Diesel,Automatic,1.5,13.1
Volkswagen Vento,2020,689651.43,70206,Diesel,Automatic,1.5,20.9
Hyundai Verna,2024,844946.89,20403,Diesel,Manual,1.6,11.3
BMW 5 Series,2008,263364.64,371982,Petrol,Automatic,,11.6
Ford Focus,2010,283864.81,229855,Diesel,Manual,3.3,12.9
BMW 5 Series,2019,2437376.87,106358,Petrol,Automatic,2.9,10.4
BMW 3 Series,2011,535571.87,112622,Petrol,Automatic,2.2,12.9
Maruti Suzuki Baleno,2018,232132.1,79440,Petrol,Automatic,1.4,13.6
Honda Civic,2018,318172.94,143389,Petrol,Automatic,1.1,13.6
Ford Focus,2010,441464.26,252860,Diesel,Automatic,,10.2
Audi A6,2010,552608.57,114161,Petrol,Manual,2.5,11.1
Toyota Yaris,2020,551783.13,60307,Petrol,Manual,1.4,16.9
Volkswagen Taigun,2016,371413.71,97116,Petrol,Automatic,1.8,11.4
Mercedes-Benz A-Class,2017,1046149.11,132025,Diesel,Manual,1.6,13.8
Maruti Suzuki Baleno,2022,437172.88,65759,  Diesel ,Manual,1.5,14.2
Ford Fiesta,2016,703657.35,98457,Petrol,Manual,2.7,9.7
Toyota Corolla,2019,526939.82,40127,Petrol,Automatic,1.4,10.6
Audi A4,2019,1846785.78,106026,Diesel,Manual,2.8,10.2
Maruti Suzuki Ertiga,2024,473563.65,24424,Petrol,Manual,1.4,10.5
Mercedes-Benz C-Class,2016,1507677.26,91041,Electric,Manual,0.0,128.6
Volkswagen Virtus,2021,663458.64,40586,Diesel,Automatic,1.4,18.0
Honda Amaze,2014,409544.21,129012,Electric,Manual,0.0,134.9
Toyota Yaris,2017,799482.62,119510,Electric,Automatic,0.0,132.7
Maruti Suzuki Brezza,2014,120000.0,60996,Diesel,Manual,,14.9
Ford Focus,2023,2678512.79,60085,Diesel,Automatic,3.0,12.7
Toyota Yaris,2019,298026.48,113863,Diesel,Manual,1.0,16.6
Mercedes-Benz C-Class,2018,1660180.17,"76,521 km",Petrol,Manual,2.8,12.8
Ford Focus,2010,237646.44,140686,Petrol,Automatic,1.9,8.8
Mercedes-Benz E-Class,2014,1086899.96,122933,Diesel,Automatic,2.5,10.7
Tata Safari,2024,859069.17,19606,Diesel,Automatic,1.7,15.1
Toyota Yaris,2008,120000.0,306429,Diesel,Manual,1.8,12.9
Hyundai Tucson,2024,1204199.52,37657,Diesel,Automatic,1.9,12.6
BMW 1 Series,2020,2977640.45,86176,Hybrid,Manual,3.6,19.5
Ford Mustang,2012,293586.76,132582,Diesel,Manual,1.9,11.7
Hyundai Tucson,2011,156915.0,64967,Petrol,Manual,1.8,10.6
Tata Punch,2017,305452.83,126412,Diesel,Manual,1.9,13.3
Maruti Suzuki Ertiga  ,2009,120953.13,97402,Petrol,Automatic,2.4,11.2
Honda Civic,2013,203926.15,185149,Diesel,Manual,1.6,16.0
Maruti Suzuki Baleno,2020,603068.99,81043,Electric,Manual,0.0,160.7
Honda Accord,2022,723511.58,32246,Diesel,Manual,1.6,17.1
Volkswagen Taigun,2012,200400.97,164209,Diesel,Automatic,1.4,13.5
Mercedes-Benz GLE,2009,417786.39,269807,Diesel,Automatic,2.4,12.4
Toyota Yaris,2008,131597.25,147460,Petrol,Manual,1.8,13.8
Maruti Suzuki Brezza,2015,153604.81,70234 KM,Diesel,Manual,1.4,15.8
Volkswagen Virtus,2024,656014.33,26503,Petrol,Automatic,1.0,17.0
Honda Accord,2017,374373.82,163225,Petrol,Automatic,1.8,8.9
Tata Punch,2009,120000.0,197056,Diesel,Manual,1.2,15.6
BMW 5 Series,2016,1688040.05,77378,Petrol,Automatic,3.1,6.2
Maruti Suzuki Swift,2020,274859.38,61489,Petrol,Manual,1.4,11.8
Hyundai Creta,2016,309566.44,166849,Petrol,Manual,1.9,14.1
BMW 3 Series,2020,4710425.29,42333,Hybrid,Automatic,4.0,25.1
Ford Endeavour,2021,1228145.22,90791,Diesel,Automatic,2.2,15.1
BMW 5 Series,2010,675627.22,199853,Diesel,Automatic,3.0,11.9
Hyundai Venue,2019,304478.12,43097,Petrol,Automatic,1.0,15.8
Tata Nexon,2017,254894.52,112948,Petrol,Automatic,1.4,15.5
Honda Amaze,2010,120000.0,167099,Diesel,Manual,1.2,14.4
Tata Safari,2015,175975.24,149902,Petrol,Automatic,1.4,14.6
Hyundai Verna,2022,543157.71,59719,Petrol,Automatic,1.2,13.4
Honda City,2015,379480.84,"95,170 km",Diesel,Automatic,1.9,12.2
Audi A3,2011,760565.77,224221,Electric,Automatic,0.0,152.7
Ford EcoSport,2020,736716.75,121368,Hybrid,Manual,1.6,25.7
Ford Mustang,2011,268010.38,152154,Diesel,Manual,2.3,14.5
Honda Accord,2024,1127003.61,21911,Petrol,Manual,1.9,12.4
Toyota RAV4,2020,878194.39,"82,153 km",Diesel,Manual,2.3,10.8
Toyota RAV4,2014,232339.34,80875,Petrol,Automatic,1.2,15.4
BMW 5 Series,2013,636763.59,211561,Diesel,Automatic,1.9,14.9
Hyundai i20,2015,196115.83,146297,CNG,Manual,1.4,26.5
Audi A3,2022,2602408.4,44019,CNG,Manual,2.5,26.9
Maruti Suzuki Ertiga,2019,169905.97,122929,Petrol,Manual,1.3,14.8
Volkswagen Virtus,2014,352605.56,231313,Electric,Manual,0.0,175.6
Audi A4,2024,2673439.26,"19,840 km",Petrol,Manual,1.8,11.3
Tata Nexon,2024,598337.9,29854,Petrol,Manual,1.3,12.4
Audi A3,2014,996476.51,210995,Electric,Manual,0.0,150.3
Honda Accord,2014,192540.44,220183,Petrol,Automatic,1.4,12.7
Audi A6,2021,2841451.09,51604,Petrol,Automatic,2.5,11.4
Maruti Suzuki Dzire,2017,234778.01,75423,Petrol,Automatic,1.4,13.0
Ford Mustang,2016,922993.87,107692,Diesel,Automatic,3.0,10.1
BMW X3,2008,235067.45,191580,Petrol,Manual,1.6,15.3
Hyundai Creta,2021,560932.12,19524,Petrol,Manual,1.5,12.3
BMW 3 Series,2014,549320.66,236258,Petrol,Manual,1.9,12.3
Audi A6,2008,314893.99,368590,Petrol,Manual,3.5,8.1
Volkswagen Taigun,2023,794500.45,26911,Petrol,Manual,1.6,11.0
Honda Amaze,2009,159748.79,172572,Petrol,Automatic,1.8,8.3
Mercedes-Benz GLC,2011,777364.61,70505,Petrol,Manual,2.9,10.1
Maruti Suzuki Dzire,2022,425693.4,48967,Diesel,Manual,1.6,12.2
Honda Amaze,2022,463929.36,52819,CNG,Automatic,1.0,27.5
Toyota RAV4,2022,527954.76,37061,Petrol,Manual,1.0,15.7
Tata Safari,2020,845129.69,58348,Electric,Automatic,0.0,183.5
Volkswagen Vento,2015,235754.78,150473,Petrol,Automatic,1.3,15.2
Mercedes-Benz A-Class,2016,2017039.1,68956,Diesel,Automatic,2.9,14.0
Maruti Suzuki Ertiga,2018,237584.93,116403,Hybrid,Automatic,1.2,20.6
BMW X3,2010,480289.27,134068,CNG,Manual,2.5,23.3
BMW X3,2013,729810.9,126850,Petrol,Manual,2.5,11.0
BMW X3,2024,3243431.8,47122,Hybrid,Manual,1.9,21.9
BMW 5 Series,2022,3479782.82,46856 KM,Electric,Manual,0.0,167.9
Toyota Fortuner,2013,177970.47,135115,Diesel,Manual,1.2,16.8
Mercedes-Benz GLE,2020,2073932.36,90415,Petrol,Manual,2.6,10.0
Volkswagen Polo,2010,120000.0,184172,Petrol,Manual,1.0,11.0
Ford Endeavour,2018,863423.19,59152,Petrol,Manual,2.5,11.5
Toyota Camry,2021,550910.85,41613,Petrol,Automatic,1.5,12.6
BMW X3,2011,507201.77,203919,Petrol,Automatic,2.3,11.6
Maruti Suzuki Swift,2013,120000.0,186462,Petrol,Manual,1.3,15.2
Hyundai Verna,2023,935739.68,23430,Diesel,Manual,1.8,16.1
Audi A3,2016,1458447.89,114401 KM,Electric,Manual,0.0,145.4
Hyundai Verna,2008,120000.0,291863,Petrol,Automatic,1.8,15.0
Maruti Suzuki Baleno,2024,501634.71,31712 KM,Petrol,Manual,1.8,16.8
Mercedes-Benz GLE,2011,595170.94,196454,Petrol,Manual,2.7,11.1
Tata Altroz,2020,362417.19,110285,Diesel,Manual,1.5,13.3
Toyota Corolla,2011,120000.0,149328,Diesel,Manual,1.0,13.0
Volkswagen Taigun,2014,273299.73,78403,Diesel,Manual,1.5,17.6
Audi Q3,2019,1798296.02,123798,Petrol,Manual,2.9,9.2
Hyundai Verna  ,2021,599062.05,51313,Petrol,Automatic,1.4,12.4
Hyundai Creta,2014,350410.32,154573,,Manual,0.0,155.7
Tata Nexon,2016,190648.62,155928,Diesel,Automatic,1.2,15.2
Maruti Suzuki Dzire,2013,134512.24,108066,Petrol,Automatic,1.9,15.2
BMW X3,2023,3659092.93,"31,740 km",Petrol,Manual,3.1,8.5
Maruti Suzuki Baleno,2023,360745.69,41997,Diesel,Automatic,1.1,17.0
BMW 5 Series,2013,555361.04,216949,Hybrid,Automatic,1.6,21.8
Audi Q3,2009,551885.37,"191,613 km",Petrol,Automatic,2.9,6.5
Tata Harrier,2010,120000.0,254572,Diesel,Automatic,1.4,16.5
Mercedes-Benz E-Class,2022,2678792.68,51176,Diesel,Automatic,1.9,13.8
Tata Harrier,2022,763186.0,18799,Petrol,Automatic,1.8,14.1
Tata Altroz,2020,546830.07,49716,  Diesel ,Automatic,1.9,14.9
Volkswagen Tiguan,2009,212825.11,203770,Electric,Automatic,0.0,129.7
Mercedes-Benz GLC,2011,972717.6,169144,Diesel,Automatic,2.9,13.2
Mercedes-Benz C-Class,2010,516143.74,182268,Petrol,Manual,2.4,10.9
Maruti Suzuki Brezza,2012,205775.83,189460,Electric,Automatic,0.0,171.3
Honda CR-V,2018,592855.62,109076,Petrol,Automatic,2.0,14.9
Mercedes-Benz GLE,2015,768183.98,162499,Petrol,Manual,1.9,12.9
Honda Amaze,2008,120000.0,278989,Hybrid,Manual,1.0,22.1
Toyota Fortuner,2008,120000.0,299920,Petrol,Automatic,1.7,15.3
Maruti Suzuki Brezza,2009,120000.0,308706,Petrol,Manual,1.8,12.9
Audi Q5,2020,1719884.56,75527,Diesel,Automatic,2.0,14.8
Honda City,2023,1140633.31,30578,Diesel,Automatic,1.7,17.6
Honda Accord,2024,829201.75,3000,  Diesel ,Manual,1.4,14.1
Honda Accord,2009,120000.0,191290,Diesel,Manual,1.2,
Hyundai i20,2009,120000.0,198951,Petrol,Manual,1.2,14.0
Maruti Suzuki Dzire,2022,286905.7,57933,CNG,Manual,1.4,25.8
Ford Mustang,2011,358237.3,228996 KM,Diesel,Automatic,2.8,11.6
BMW X5,2020,2466741.22,81626,Diesel,Automatic,2.4,12.6
Honda Amaze,2013,123412.44,163270,Diesel,Manual,1.0,12.1
Mercedes-Benz E-Class,2019,1199478.77,84505,Petrol,Manual,1.9,9.8
Maruti Suzuki Swift,2009,120000.0,155122,Petrol,Manual,1.0,16.2
Audi A6,2023,4845882.95,45012,Diesel,Manual,3.7,13.0
Ford Mustang,2016,774947.45,127396,Petrol,Manual,3.7,6.9
Honda CR-V,2018,422342.61,68183,Petrol,Manual,1.7,13.8
Mercedes-Benz A-Class,2024,4861398.6,27792,Petrol,Manual,3.0,12.5
Honda City,2010,120000.0,215346,Petrol,Automatic,,18.1
Honda Amaze,2008,120000.0,197554,Petrol,Manual,1.8,12.2
Honda Civic,2014,255815.48,59307,Diesel,Manual,1.6,15.7
Tata Harrier,2008,131152.06,254317,Electric,Automatic,0.0,154.9
Toyota Fortuner,2020,554908.36,68303,Diesel,Automatic,1.3,12.2
Volkswagen Tiguan,2012,186302.71,143219,Diesel,Manual,1.5,13.9
Volkswagen Polo,2020,956387.3,63356,Hybrid,Automatic,1.9,24.0
Audi A6,2010,427910.93,159603,Diesel,Manual,2.2,14.8
Volkswagen Vento,2021,469844.42,"27,092 km",Petrol,Manual,1.1,15.0
Maruti Suzuki Baleno,2015,181158.32,"77,702 km",  Petrol ,Automatic,1.6,9.8
BMW 5 Series,2020,1275754.26,79090,Petrol,Automatic,1.6,11.8
Ford EcoSport,2016,523832.63,154677,Petrol,Automatic,2.4,11.2
Ford Mustang,2021,2011963.54,44612,CNG,Manual,4.3,26.6
Maruti Suzuki Dzire,2014,120048.91,55728,Diesel,Manual,1.3,12.9
Toyota Corolla,2022,889234.45,41668,Petrol,Automatic,1.6,14.3
Honda Civic,2010,120000.0,187947,Diesel,Manual,1.4,16.4
Volkswagen Tiguan  ,2016,329798.18,73787,Petrol,Manual,1.5,
Hyundai i20,2024,1129891.39,7695,Hybrid,Manual,1.7,22.9
Toyota Fortuner,2011,302943.26,154601,Electric,Automatic,0.0,189.7
Hyundai i20,2011,120000.0,114716,Diesel,Manual,1.2,16.5
Tata Safari,2009,120000.0,122811,Diesel,Automatic,1.2,16.1
Volkswagen Tiguan,2013,150689.35,224549,Hybrid,Manual,1.3,27.0
Audi A4,2020,1654146.37,81677,Diesel,Manual,2.3,11.2
Toyota RAV4,2009,121449.53,256282,Petrol,Automatic,1.6,9.9
Hyundai i20,2023,791740.29,50616,Petrol,Manual,1.7,12.9
Volkswagen Vento,2017,499615.6,132044,Petrol,Automatic,2.0,
Mercedes-Benz GLC,2024,5963224.86,19226,Petrol,Manual,3.5,10.5
Mercedes-Benz A-Class,2023,2669375.55,45459,Petrol,Manual,2.2,13.0
Tata Altroz,2013,120000.0,247706,Diesel,Automatic,1.2,15.2
Honda CR-V,2010,150232.95,197079,Petrol,Automatic,1.8,10.8
Tata Safari,2012,183178.8,107650,CNG,Automatic,1.8,27.5
Tata Safari,2020,340283.1,67077,Petrol,Manual,1.2,14.0
Toyota Fortuner,2015,241527.91,"164,642 km",Hybrid,Manual,1.2,23.9
Honda City,2021,515450.49,54513,Diesel,Manual,1.3,14.1
Toyota Fortuner,2014,436757.32,143210,Electric,Manual,0.0,150.4
Hyundai Tucson,2022,494190.67,75613,,Automatic,1.1,13.0
Ford Focus,2009,417106.7,123878,Petrol,Automatic,3.6,8.5
Audi A3,2022,2044539.09,29496,Diesel,Manual,1.8,14.4
Mercedes-Benz E-Class,2015,943397.51,66369,Diesel,Manual,1.9,13.8
Honda Amaze,2023,798163.23,"45,849 km",Petrol,Manual,1.5,14.7
Toyota Corolla,2023,606090.72,42485,Diesel,Manual,1.0,16.7
Honda CR-V,2017,452782.36,109429,CNG,Automatic,1.7,16.9
Volkswagen Vento,2017,261589.9,97140,Diesel,Manual,1.0,13.5
Audi A4,2014,1002655.46,124013,Electric,Manual,0.0,178.9
Tata Nexon,2020,365817.15,31966,Petrol,Automatic,1.2,12.1
Honda Accord,2017,340343.91,110741,Petrol,Manual,1.6,13.6
Hyundai Verna,2010,120000.0,95961,Diesel,Manual,1.3,13.6
Honda City,2008,120636.85,189783,Petrol,Automatic,1.7,11.1
Mercedes-Benz C-Class,2023,3455600.35,25780,CNG,Automatic,2.5,25.9
Ford Endeavour  ,2024,1718520.77,16047 KM,Petrol,Manual,2.1,14.7
Mercedes-Benz C-Class,2017,1940106.17,79537,Diesel,Automatic,2.6,10.6
Hyundai Venue,2024,734403.18,13676,Petrol,Automatic,1.2,14.2
BMW 1 Series,2019,1786366.19,112604,Electric,Manual,0.0,155.8
Honda Amaze,2010,120000.0,274703,Petrol,Manual,1.8,11.9
Tata Punch,2012,179802.34,191671,Diesel,Automatic,1.8,16.4
BMW X3,2017,1649247.43,45801,Diesel,Automatic,2.7,14.8
BMW X3,2010,345902.44,249694,Petrol,Automatic,2.0,11.5
Ford EcoSport,2016,514757.0,159084,Diesel,Manual,2.5,12.4
Tata Punch,2022,501187.55,62910,Diesel,Automatic,1.3,14.0
Ford EcoSport,2009,344385.15,"202,091 km",Hybrid,Automatic,3.2,19.6
Audi Q5,2022,3099011.71,33311,Diesel,Manual,2.3,12.0
Tata Harrier,2020,641307.44,71794,Diesel,Automatic,2.0,15.8
Hyundai Tucson,2020,373448.13,"94,369 km",Petrol,Manual,1.3,17.3
Hyundai Tucson,2008,120000.0,276688,CNG,Manual,1.4,25.0
Maruti Suzuki Swift,2017,189669.21,71988,Diesel,Automatic,1.3,10.4
BMW 1 Series,2018,1128436.03,124949,Petrol,Manual,2.1,9.0
Honda Accord,2021,793224.15,12050,Diesel,Automatic,1.5,13.8
Ford Fiesta,2010,174018.42,183419,Petrol,Automatic,1.7,14.9
Toyota Camry,2010,120000.0,116266,CNG,Manual,1.1,20.0
Tata Safari,2008,120000.0,228907,Petrol,Automatic,1.8,8.5
Volkswagen Vento,2013,163035.09,180921,Diesel,Manual,1.4,16.8
Volkswagen Vento,2021,1130582.01,76686,  Electric ,Manual,0.0,190.9
Maruti Suzuki Brezza,2012,120000.0,125447,CNG,Manual,1.0,27.5
Maruti Suzuki Dzire,2022,525323.51,52258,Diesel,Automatic,1.7,20.7
Volkswagen Tiguan,2010,120000.0,179391,Diesel,Automatic,1.1,15.3
Mercedes-Benz E-Class,2017,1606331.69,96761,Petrol,Automatic,2.6,10.0
Mercedes-Benz GLC,2019,1894078.22,120065,Petrol,Manual,2.5,8.1
Ford Focus,2013,447461.63,181690,Diesel,Automatic,2.6,11.1
Maruti Suzuki Swift,2020,317228.16,86452,Petrol,Automatic,1.4,15.1
Toyota Fortuner,2013,152217.45,184114,Diesel,Manual,1.1,14.8
BMW X5,2019,1050520.47,81772,Petrol,Manual,1.6,9.7
Hyundai Venue,2022,662443.19,69936,Petrol,Automatic,1.3,15.2
Mercedes-Benz C-Class,2019,1793562.28,"34,560 km",Petrol,Manual,2.1,13.6
Hyundai Tucson,2021,539223.54,54422,Petrol,Manual,1.6,9.4
Honda Civic,2023,833128.58,33048,Diesel,Manual,1.5,17.0
Tata Punch,2012,186706.85,111458,Petrol,Automatic,1.9,14.9
Toyota Camry,2018,598672.9,"63,416 km",Petrol,Automatic,1.8,13.7
Maruti Suzuki Baleno,2013,148260.43,252650 KM,Electric,Manual,0.0,152.4
Honda CR-V,2023,995506.39,46043,Diesel,Manual,1.9,14.2
Audi A4,2023,1919647.42,45259,Diesel,Manual,1.7,10.7
Audi A3,2016,1667388.95,186042,Petrol,Automatic,3.3,6.9
Tata Harrier,2019,219612.84,103393,Petrol,Manual,1.1,14.7
Honda Accord,2020,718303.06,36250,CNG,Automatic,1.8,
Toyota Corolla,2023,779776.03,42058,  Diesel ,Manual,1.3,14.3
Volkswagen Taigun,2015,480889.76,184188,Electric,Manual,0.0,142.3
Hyundai i20,2022,736748.22,55099,Diesel,Manual,2.1,13.0
Audi Q3,2021,3220139.51,71166,CNG,Automatic,3.1,23.1
BMW 3 Series,2015,1277079.08,80930,Petrol,Manual,3.0,9.1
BMW 1 Series,2023,3329844.86,27721,Diesel,Manual,2.9,13.7
Hyundai Verna,2021,548930.0,71792,Petrol,Automatic,1.6,13.1
BMW 1 Series,2009,626622.78,138659,Diesel,Automatic,2.8,10.2
Ford Focus,2009,194353.45,148750 KM,Diesel,Automatic,1.9,14.0
Maruti Suzuki Baleno,2015,190932.82,101440,CNG,Automatic,1.8,27.7
Toyota Camry,2012,162800.82,184026,Petrol,Automatic,1.2,15.1
Toyota Corolla,2015,358248.05,145495,Petrol,Automatic,1.6,12.9
Ford Endeavour,2008,167278.05,282588,Petrol,Manual,2.7,11.8
Maruti Suzuki Brezza,2022,460784.85,45534,  Diesel ,Automatic,1.6,16.0
Hyundai Creta,2021,778855.51,52886,Hybrid,Manual,1.7,21.7
Ford EcoSport,2019,927918.2,79544,Petrol,Manual,2.3,9.7
Ford Mustang,2011,477088.57,107880,Petrol,Automatic,3.2,7.9
Mercedes-Benz GLE,2020,3477849.73,95786,Electric,Automatic,0.0,156.0
Tata Nexon,2017,171194.3,83883,Petrol,Manual,1.0,15.3
BMW 5 Series,2008,400328.05,193857,Electric,Manual,,165.9
Ford Fiesta,2012,287231.38,180870,Petrol,Manual,2.3,
Ford Fiesta,2012,384481.66,230331,Petrol,Manual,3.1,9.4
Hyundai Venue,2017,334755.29,106038,Diesel,Manual,1.6,13.0
Toyota Fortuner,2014,245560.14,190581,Petrol,Automatic,1.4,11.1
Volkswagen Virtus,2010,120000.0,205071,Petrol,Automatic,1.0,13.9
Toyota Fortuner,2022,1017863.89,37525,Diesel,Automatic,1.9,12.1
Ford Fiesta,2023,1631258.52,41107,Petrol,Manual,2.5,9.0
Audi A6,2021,2314570.26,101924,Electric,Manual,0.0,135.4
Hyundai Tucson,2012,155800.71,130070 KM,CNG,Automatic,1.5,24.9
Toyota Corolla,2019,568421.83,74597,Petrol,Manual,1.9,10.9
Honda Accord,2011,120000.0,158930,Petrol,Manual,1.0,14.2
Tata Punch,2021,528677.39,42499,Diesel,Manual,1.7,10.6
BMW 3 Series,2016,1612993.54,105055,Petrol,Automatic,3.3,9.4
Mercedes-Benz C-Class,2014,984301.74,73325,Petrol,Automatic,3.1,12.8
Volkswagen Taigun,2010,156478.52,181883,Diesel,Manual,1.8,18.7
Toyota Yaris,2011,173060.86,129308,Petrol,Manual,1.6,12.1
Ford Endeavour,2016,566670.23,105323 KM,Petrol,Manual,2.4,11.9
Honda Civic,2011,153175.89,122140,Diesel,Automatic,1.5,14.4
Honda City,2023,609456.66,27624,Diesel,Automatic,1.2,18.4
Maruti Suzuki Dzire,2021,271412.15,"31,860 km",Petrol,Manual,1.4,15.3
Honda Amaze,2011,150991.63,111741,Petrol,Manual,1.4,15.6
Volkswagen Polo,2021,608025.67,82459,Diesel,Manual,1.5,13.2
Toyota Corolla,2024,710157.18,34718,Petrol,Manual,1.0,12.5
Audi A6,2019,1673707.04,56806,Diesel,Manual,2.1,16.7
Volkswagen Virtus,2016,307526.48,117765,Petrol,Manual,1.5,13.9
Volkswagen Vento,2020,1356057.3,91547,Electric,Automatic,0.0,143.9
Tata Punch,2008,120000.0,225383,Diesel,Manual,2.0,12.7
Volkswagen Polo,2013,152916.05,"227,032 km",Petrol,Manual,1.4,14.4
Tata Punch,2024,789868.99,24469,Petrol,Automatic,1.4,12.6
Ford Fiesta,2008,232837.27,196092,Diesel,Automatic,2.6,11.2
Hyundai Creta,2023,984825.41,34865,Diesel,Automatic,1.9,12.0
Toyota Fortuner,2019,430250.67,94556,Diesel,Automatic,1.2,19.4
Toyota Corolla,2011,210555.6,174825,Hybrid,Manual,1.8,18.2
Toyota Fortuner,2015,225243.15,112686,Petrol,Automatic,1.2,13.8
Maruti Suzuki Swift,2023,389491.24,59119,Petrol,Automatic,1.3,14.4
Mercedes-Benz E-Class,2017,1311056.49,128582,Hybrid,Automatic,1.7,24.6
Tata Harrier,2024,1428057.23,"23,300 km",Electric,Automatic,0.0,169.6
Maruti Suzuki Brezza,2018,307897.81,86483,Diesel,Automatic,1.6,17.6
Ford Endeavour,2024,1709721.75,38224,Petrol,Automatic,2.3,12.1
Ford Endeavour,2016,531628.2,129711,Petrol,Manual,2.5,
Hyundai Creta,2016,227142.43,128852,Petrol,Manual,1.3,16.9
Ford Fiesta,2021,1738389.55,68770,Electric,Automatic,0.0,149.3
Tata Altroz,2020,328051.72,67462,CNG,Manual,1.5,
Mercedes-Benz A-Class,2023,3801843.6,44260,Diesel,Manual,2.6,12.3
Toyota Yaris,2014,196159.64,129606,Petrol,Manual,1.2,11.8
Audi A3,2017,1465532.54,97607,Hybrid,Manual,2.6,22.5
Maruti Suzuki Brezza,2019,208943.95,84688,Petrol,Manual,1.4,10.1
Honda Civic,2012,199478.95,124834,Diesel,Automatic,1.6,15.1
Audi A3,2013,896448.03,174675,Diesel,Manual,3.0,15.2
Audi A4,2014,1044201.8,205869,Diesel,Automatic,,11.5
Tata Nexon,2018,373002.85,72759,Petrol,Manual,1.9,13.4
Honda CR-V,2010,120000.0,241921,Petrol,Automatic,1.0,12.5
Mercedes-Benz E-Class,2014,700489.15,156338,CNG,Manual,2.2,23.9
Maruti Suzuki Baleno,2010,120000.0,204015,Diesel,Automatic,1.6,14.3
Volkswagen Tiguan,2013,224277.85,138568,Diesel,Manual,1.4,18.5
Audi A6,2020,2503550.87,"72,308 km",Petrol,Manual,3.0,9.6
Honda Civic,2020,604824.2,79373,Diesel,Automatic,1.3,12.5
Tata Safari,2017,350710.23,91062,CNG,Automatic,1.9,25.1
BMW 5 Series,2008,225700.83,278315,Petrol,Manual,1.8,14.7
Honda Amaze,2017,336367.78,132875,Diesel,Automatic,1.6,13.5
Toyota RAV4,2014,210291.96,220994,Petrol,Automatic,1.4,14.7
Audi Q3,2017,1255240.45,109663,CNG,Automatic,2.3,28.5
BMW 3 Series,2010,529728.29,98715,Diesel,Manual,2.2,13.5
Tata Altroz,2022,793744.74,57862,Diesel,Automatic,2.0,15.2
Ford Fiesta,2023,1186646.98,48767,CNG,Automatic,1.6,23.1
Hyundai Verna,2008,120000.0,228688,Petrol,Manual,1.8,10.9
Hyundai Creta,2008,120000.0,213557,CNG,Manual,1.7,25.5
BMW 3 Series,2020,2367633.72,92065,  Electric ,Automatic,0.0,174.6
Hyundai i20,2016,162730.72,139601,Diesel,Manual,1.0,13.5
Toyota Fortuner,2024,946077.61,12068,Petrol,Automatic,,12.3
Tata Punch,2018,347843.38,115019,Hybrid,Automatic,1.4,21.4
Toyota Corolla,2014,252366.06,104399,Petrol,Manual,1.5,14.1
Mercedes-Benz GLE,2019,2966951.06,69875,Diesel,Manual,3.5,10.8
Toyota Camry,2016,869365.74,76040,Electric,Automatic,0.0,172.5
Maruti Suzuki Dzire,2009,120000.0,168638,Hybrid,Manual,1.0,23.9
Hyundai Creta,2018,351301.08,91633,Petrol,Automatic,1.4,7.6
Maruti Suzuki Ertiga,2023,536077.6,34180,Petrol,Manual,1.6,14.3
Volkswagen Vento,2014,200013.83,103419,Petrol,Manual,1.3,10.8
BMW 5 Series,2015,774388.99,150049,Hybrid,Manual,1.7,23.6
Ford EcoSport,2019,791447.67,81926,Petrol,Automatic,1.8,10.4
Tata Punch,2008,120000.0,241756,Diesel,Manual,1.4,13.0
Volkswagen Vento,2014,235355.06,205332,Diesel,Manual,1.7,17.6
Tata Altroz,2016,191114.29,160502,Diesel,Manual,1.4,14.2
BMW X5,2024,3420599.81,38092,Petrol,Automatic,2.2,11.1
Honda Civic,2008,120000.0,335091,CNG,Automatic,1.6,25.1
Maruti Suzuki Swift,2012,120000.0,185838,Diesel,Manual,1.0,12.9
Ford Focus,2017,705478.61,126368,Petrol,Automatic,2.3,12.1
BMW 3 Series,2013,754341.16,88971,CNG,Manual,2.5,19.2
Maruti Suzuki Baleno,2013,120000.0,152410,Petrol,Manual,1.1,14.5
BMW 5 Series,2009,402484.17,288761,Diesel,Manual,2.7,8.6
Toyota Camry,2021,564015.96,73327,Petrol,Manual,1.3,12.0
Ford Mustang,2016,451200.44,94591,Diesel,Manual,1.8,13.5
Honda City,2023,666846.85,37993,Petrol,Manual,1.5,13.0
Maruti Suzuki Brezza,2009,120000.0,192088,Petrol,Automatic,1.7,14.9
Mercedes-Benz GLE,2023,2345196.43,32934,  Diesel ,Automatic,1.6,13.3
BMW X3,2021,2025362.7,70267,Diesel,Manual,2.0,13.4
Hyundai i20,2012,140545.26,133039,Petrol,Automatic,1.2,13.4
Ford Fiesta,2020,770362.09,63291,Diesel,Automatic,1.6,14.5
Audi Q5,2013,859105.69,203744,Petrol,Manual,3.5,9.7
Hyundai Venue,2022,614352.01,69451 KM,Petrol,Automatic,1.5,15.0
Audi A3,2008,370710.7,273234,Electric,Manual,0.0,147.0
Hyundai Venue,2016,249593.02,90181,Petrol,Manual,1.5,15.1
Audi Q3,2012,644624.33,175624,Petrol,Automatic,2.5,12.7
Volkswagen Vento,2014,120000.0,238087,Diesel,Manual,1.0,15.6
Audi Q5,2011,811559.62,217184,Petrol,Manual,3.9,7.6
Volkswagen Polo,2015,244518.23,141914,  Petrol ,Manual,1.4,14.5
Ford Endeavour,2011,313704.2,175634,Petrol,Manual,2.9,11.2
Ford Focus,2018,755389.9,122686,Diesel,Manual,2.5,16.0
Volkswagen Vento,2009,120000.0,222006,Petrol,Manual,1.3,12.5
Mercedes-Benz A-Class,2008,582420.22,112111,  Electric ,Automatic,0.0,191.2
Mercedes-Benz A-Class,2018,1716519.04,110650,Petrol,Manual,2.8,9.8
Honda Accord,2010,152863.24,148625,Petrol,Automatic,1.5,14.8
Mercedes-Benz A-Class,2013,790034.58,173279,Diesel,Automatic,1.9,17.8
Audi Q5,2016,1568393.06,127316,Diesel,Automatic,2.9,8.8
Maruti Suzuki Swift,2017,166785.57,161776,Petrol,Automatic,1.5,11.9
Mercedes-Benz E-Class,2022,2285132.15,65132,Diesel,Manual,2.0,14.2
Tata Punch,2011,121977.06,181411,Petrol,Manual,2.0,11.2
Maruti Suzuki Dzire,2009,120000.0,302867,Hybrid,Automatic,1.3,25.8
Toyota Corolla,2021,552173.27,68091,Petrol,Manual,1.3,13.2
Mercedes-Benz A-Class,2012,713237.62,"233,321 km",Diesel,Automatic,2.4,8.7
Ford Endeavour,2012,320358.27,247771,Petrol,Automatic,2.7,11.0
Mercedes-Benz C-Class,2010,486472.59,49438,Petrol,Manual,1.7,12.4
Volkswagen Taigun,2011,156286.6,246068,Petrol,Manual,1.8,11.1
Audi A3,2012,625122.78,131407,Diesel,Manual,2.5,10.0
Volkswagen Polo,2008,120000.0,256385,Petrol,Automatic,1.3,9.4
Honda Accord,2024,1114998.28,12972,Diesel,Automatic,1.7,18.2
Toyota Fortuner,2019,902219.2,72034,Electric,Manual,0.0,150.5
Ford Endeavour,2010,159150.12,261638,Diesel,Automatic,1.6,15.6
Ford Endeavour,2023,2097465.78,19957,Diesel,Automatic,2.5,19.3
Toyota RAV4,2018,485747.43,116131,Petrol,Manual,1.8,
Audi A3,2015,848270.75,197464,CNG,Manual,2.6,27.7
Toyota Camry,2019,463015.21,93570,Diesel,Automatic,1.3,13.2
Maruti Suzuki Baleno,2021,241534.98,42212 KM,Diesel,Manual,1.1,20.0
Honda Civic,2010,257109.66,176090,Electric,Manual,0.0,165.5
Maruti Suzuki Baleno,2015,342588.78,128988,Electric,Automatic,0.0,162.9
Audi A3,2021,2477283.23,42913,Electric,Manual,0.0,173.8
Mercedes-Benz GLE,2012,576520.93,"115,581 km",Petrol,Manual,1.9,14.0
Maruti Suzuki Dzire,2020,214357.92,"44,579 km",Petrol,Automatic,1.0,17.4
Maruti Suzuki Swift,2017,231097.81,102139,Diesel,Manual,1.6,15.5
Mercedes-Benz C-Class,2008,642748.9,232153,Petrol,Automatic,3.7,7.1
BMW 3 Series,2011,658668.22,112464,Petrol,Automatic,2.5,10.5
Volkswagen Tiguan,2021,660718.99,64610,Petrol,Manual,1.5,12.3
Tata Harrier,2010,166172.81,179980,Electric,Manual,0.0,178.8
BMW 3 Series,2021,2400518.53,65737,CNG,Manual,2.8,27.1
Mercedes-Benz GLE,2018,1365157.91,77173,Petrol,Manual,2.2,9.5
Toyota Corolla,2014,156473.1,225904,Diesel,Manual,1.0,15.5
Ford Mustang,2015,543335.87,119973,Petrol,Automatic,2.7,8.7
Audi A6,2019,2092638.47,87759,Diesel,Manual,,9.8
Ford Mustang,2022,1820816.53,61572,Diesel,Automatic,2.7,12.0
Ford Fiesta,2022,1016636.57,34489,CNG,Automatic,1.7,29.7
Hyundai Verna,2013,120000.0,134397,Petrol,Manual,1.2,12.8
Honda Accord,2022,724516.89,37426,Petrol,Automatic,,
Ford Mustang,2021,2008184.22,35478,Diesel,Automatic,2.9,12.4
Mercedes-Benz A-Class,2015,1250002.68,101072,Diesel,Manual,2.8,13.1
Volkswagen Polo,2023,697898.52,29049,Diesel,Manual,1.1,13.5
Volkswagen Polo,2020,1005054.83,71492,Diesel,Automatic,2.2,17.5
Hyundai Venue,2012,195356.54,72856,Diesel,Automatic,1.8,14.0
Tata Altroz,2013,120000.0,127425,Petrol,Manual,1.1,12.0
Toyota Camry,2022,1670745.74,52982,Electric,Automatic,0.0,177.3
Volkswagen Vento,2009,120000.0,145842,Petrol,Manual,1.4,14.3
Volkswagen Virtus,2013,141173.15,196250,Diesel,Manual,1.2,13.8
Toyota Corolla,2021,514152.12,81956,Petrol,Automatic,1.1,11.8
Toyota RAV4,2014,190426.19,99001,Diesel,Manual,1.1,14.1
Maruti Suzuki Brezza,2016,133831.39,167579 KM,,Manual,1.3,16.4
Hyundai i20,2017,346191.94,79790,Hybrid,Automatic,1.4,19.1
Volkswagen Vento,2011,172122.27,149645,Petrol,Automatic,1.8,10.6
Ford Fiesta,2021,1822358.07,70537,Diesel,Manual,3.5,10.8
Volkswagen Polo,2015,441662.41,103525,Hybrid,Automatic,1.8,18.3
Audi A4,2023,4433603.44,36896,Diesel,Automatic,3.0,13.5
BMW X5,2008,251219.31,"202,946 km",Diesel,Manual,1.6,15.1
Tata Harrier,2016,217292.62,71131,Diesel,Automatic,1.1,16.7
Maruti Suzuki Ertiga,2014,120000.0,136854,Diesel,Manual,1.6,13.5
Maruti Suzuki Swift,2016,293935.12,36828,Diesel,Automatic,1.9,11.5
BMW X5,2024,3628495.68,24850,Petrol,Automatic,2.5,9.6
Honda City,2011,276696.76,280679,Electric,Automatic,0.0,163.8
Volkswagen Polo,2024,1207580.08,25111,Petrol,Automatic,1.6,17.0
Volkswagen Tiguan,2019,493947.83,"107,518 km",Petrol,Automatic,1.6,14.5
Toyota Fortuner,2020,518287.6,65508,Diesel,Automatic,1.0,14.8
Ford Focus,2008,200439.95,238257,Petrol,Manual,3.0,9.3
BMW 3 Series,2008,348961.38,230355,Petrol,Manual,2.3,11.0
BMW 1 Series,2019,1444712.89,117875,Diesel,Manual,2.0,14.8
Volkswagen Polo,2022,537193.31,53924,Petrol,Manual,1.2,15.9
Tata Punch,2010,120000.0,265958,Diesel,Manual,,17.2
Mercedes-Benz GLE,2014,1693555.01,149364,Diesel,Automatic,3.2,14.7
Toyota RAV4,2010,123271.76,264925,Petrol,Manual,1.7,17.6
Tata Harrier,2008,120000.0,"181,809 km",Petrol,Manual,1.7,
Hyundai Verna,2013,195901.33,161683,Petrol,Automatic,1.5,14.5
BMW 5 Series,2016,1111661.67,141918,Petrol,Automatic,2.4,10.7
Hyundai Verna,2016,321067.8,133331,Petrol,Manual,1.9,8.8
Ford Fiesta,2009,287875.64,215993 KM,Electric,Automatic,0.0,146.1
Ford Endeavour,2019,1018744.92,101357,Hybrid,Manual,2.3,20.2
Ford Fiesta,2023,2163455.29,29290,Diesel,Automatic,2.7,15.3
Audi A4,2012,855944.65,123289,Petrol,Automatic,2.5,9.9
Mercedes-Benz C-Class,2014,1926963.39,141283,Diesel,Automatic,3.8,15.4
Maruti Suzuki Dzire,2009,120000.0,159669,Hybrid,Automatic,1.7,18.3
Hyundai Tucson,2017,578432.9,96892,Electric,Manual,0.0,152.3
BMW X3,2009,582630.98,159763,Petrol,Automatic,3.1,10.1
Toyota RAV4,2017,404033.16,31546,CNG,Automatic,1.4,22.3
Maruti Suzuki Swift,2010,120000.0,251599,Petrol,Automatic,1.5,14.3
Audi Q3,2009,346675.83,192826,Petrol,Manual,2.1,11.9
BMW 5 Series,2024,4542022.98,19337,Diesel,Automatic,2.5,12.1
Volkswagen Vento,2017,230145.96,124306,CNG,Manual,1.1,23.5
Mercedes-Benz C-Class,2010,677186.12,205899,Electric,Automatic,0.0,163.0
Toyota Camry,2014,376905.41,149793,Diesel,Automatic,1.8,14.3
Toyota Camry,2009,120000.0,164879,Petrol,Automatic,1.2,15.4
Honda Civic,2022,691173.62,51225,Diesel,Manual,1.5,14.6
Audi Q3,2024,3440597.13,24442,Diesel,Manual,2.2,11.3
Hyundai Creta,2021,478133.2,50507,Petrol,Manual,1.5,13.8
Mercedes-Benz A-Class,2012,473006.46,241641,Diesel,Automatic,1.7,14.3
Honda City,2013,183585.3,77292,Petrol,Manual,1.3,12.5
Mercedes-Benz A-Class,2008,318212.92,221973,Diesel,Manual,2.0,15.0
Ford EcoSport,2017,459092.44,75343 KM,Petrol,Manual,1.7,13.2
Toyota Camry,2010,120000.0,"138,148 km",Hybrid,Manual,1.1,20.2
Toyota Yaris,2024,1101124.21,"36,444 km",Petrol,Manual,1.6,13.0
Honda City,2009,165373.12,233532 KM,Electric,Manual,0.0,165.4
Audi A6,2015,1051077.96,174290,Electric,Manual,0.0,179.0
Ford EcoSport,2020,1964681.17,45447,Hybrid,Automatic,3.4,20.3
Mercedes-Benz GLE,2008,470405.66,178683,Diesel,Automatic,2.3,11.8
Hyundai Tucson,2019,442395.48,57027,Diesel,Manual,1.4,13.7
Tata Punch,2018,227588.72,113239,  Hybrid ,Manual,1.0,15.8
BMW 1 Series,2017,1916950.68,130491,Electric,Automatic,0.0,131.8
Toyota RAV4,2020,538310.02,93649,Petrol,Manual,1.4,13.2
Audi Q5,2015,1432798.37,95540,Petrol,Automatic,2.9,11.1
Honda Civic,2010,120000.0,231198,Diesel,Manual,1.4,17.4
Volkswagen Tiguan,2009,147357.46,191332,Diesel,Automatic,1.5,15.7
Toyota Yaris,2023,990389.0,45065,Petrol,Manual,1.5,10.6
BMW 1 Series,2019,2429047.95,71131,CNG,Automatic,3.0,
Tata Harrier,2020,424767.79,70433,Petrol,Manual,1.7,13.0
Mercedes-Benz E-Class,2014,847052.95,156399,Petrol,Automatic,2.2,
Tata Harrier,2018,467713.86,56103,Diesel,Automatic,1.9,17.3
Ford EcoSport,2016,501386.34,122070,Diesel,Manual,2.2,14.1
Maruti Suzuki Baleno,2014,120000.0,147171,Petrol,Manual,1.4,12.2
Hyundai Tucson,2012,141651.76,146600,Diesel,Manual,1.6,14.8
Toyota Yaris,2019,762384.22,80616,Hybrid,Automatic,1.6,20.1
Tata Safari,2014,176603.23,219547,Hybrid,Manual,1.7,19.0
Volkswagen Polo,2010,205206.59,145986,Diesel,Manual,2.4,12.0
Toyota Corolla,2012,229193.9,114450,Petrol,Manual,1.6,12.3
Toyota Yaris,2021,710662.74,63650,Diesel,Automatic,1.2,9.7
Maruti Suzuki Ertiga,2018,303748.63,53027,Petrol,Automatic,1.6,10.7
Hyundai Tucson,2015,287608.3,159770,Diesel,Manual,2.0,12.1
Toyota Yaris,2024,1452039.21,32860,Petrol,Automatic,1.8,12.5
Honda Accord,2019,506264.9,88530,Petrol,Automatic,1.6,14.2
BMW X5,2018,999770.54,99926,Diesel,Manual,1.6,12.1
Hyundai Venue,2022,577039.61,66402,Petrol,Automatic,1.4,13.8
Ford Mustang,2024,1566993.89,21135,Petrol,Manual,2.2,10.8
Hyundai Tucson,2013,137373.71,260181,Diesel,Manual,1.4,12.7
Volkswagen Polo,2016,352075.87,137241,Diesel,Manual,1.6,17.3
BMW 5 Series,2024,4240466.38,15985,Electric,Manual,0.0,163.9
Mercedes-Benz GLC,2016,1817862.45,58780,Electric,Automatic,0.0,154.4
Audi A4,2017,1005434.06,123029,Diesel,Manual,2.1,15.6
Mercedes-Benz C-Class,2011,612495.89,222406,  CNG ,Manual,3.0,31.5
Mercedes-Benz E-Class,2021,2740483.49,59796,Diesel,Manual,2.7,11.7
Maruti Suzuki Swift,2024,660735.28,36417,Hybrid,Automatic,1.6,24.8
BMW 3 Series,2012,823392.6,162869,Electric,Automatic,0.0,169.3
Audi Q5,2016,1741854.55,118294 KM,Diesel,Manual,3.3,11.2
Volkswagen Virtus,2024,935788.55,24969,Diesel,Manual,1.4,9.7
Mercedes-Benz C-Class,2008,546558.84,228556,Diesel,Manual,,9.5
Honda CR-V,2022,590365.04,55362,CNG,Automatic,1.2,26.1
BMW X3,2024,3108010.49,13744,,Manual,1.9,10.5
Maruti Suzuki Baleno,2008,120000.0,294408,Diesel,Automatic,1.5,15.8
Ford EcoSport,2017,670892.56,102878,Petrol,Manual,2.5,11.1
Maruti Suzuki Baleno,2019,240768.7,89549,Petrol,Manual,,11.0
Ford Endeavour,2008,160360.06,321850,Diesel,Automatic,2.2,
Hyundai Creta,2010,120000.0,244809,Hybrid,Manual,1.7,21.8
Hyundai Tucson,2012,167126.66,171863,Diesel,Automatic,1.7,15.2
Tata Nexon,2015,231481.02,147160,Petrol,Manual,1.8,13.4
Tata Safari,2015,225495.46,121000,Petrol,Automatic,1.6,13.8
Toyota Camry,2013,181510.19,109057,Petrol,Manual,1.3,13.9
Tata Altroz,2023,806680.97,55485,Petrol,Manual,1.8,
Mercedes-Benz A-Class,2019,2082763.95,63382,Diesel,Manual,2.4,12.7
Hyundai i20,2018,285880.21,"87,034 km",Petrol,Manual,1.2,15.6
Maruti Suzuki Dzire,2021,341556.38,43532,Petrol,Manual,1.4,13.4
Ford EcoSport,2012,300029.62,199913,Petrol,Automatic,2.1,9.6
Audi A4,2010,413220.78,301964,Petrol,Manual,3.0,9.5
BMW 3 Series,2009,373328.84,230795,Petrol,Manual,2.6,10.0
Audi A6,2016,994359.53,127672,Petrol,Automatic,1.8,14.0
Honda Amaze  ,2008,120000.0,213734,Diesel,Manual,1.8,14.0
Audi A4,2009,345425.8,154310,CNG,Manual,2.6,22.3
Audi Q5,2010,918095.26,49626,Petrol,Automatic,3.3,9.3
BMW 3 Series,2020,1637811.47,55509,Petrol,Automatic,1.9,8.6
BMW X5,2021,2904599.98,62679,Diesel,Manual,3.0,12.4
Audi A4,2017,1657415.67,71310,Diesel,Automatic,2.7,15.2
Tata Nexon,2013,155694.05,182740,Petrol,Automatic,1.6,9.0
Toyota Yaris,2020,518191.99,93630,Petrol,Manual,1.4,
Mercedes-Benz GLE,2018,1882248.34,76207,Diesel,Automatic,2.2,12.7
Mercedes-Benz E-Class,2021,3050879.96,42984,Diesel,Automatic,2.8,14.0
Hyundai Venue,2009,134045.49,124792,,Manual,1.8,15.5
Mercedes-Benz E-Class,2021,4585909.75,"88,185 km",Diesel,Automatic,3.5,12.3
Volkswagen Taigun,2012,140351.3,136669,Diesel,Automatic,1.0,15.4
Maruti Suzuki Brezza,2016,165884.96,81406,Diesel,Manual,1.4,12.9
Ford Endeavour,2009,286935.91,"192,098 km",Diesel,Automatic,2.6,11.4
Volkswagen Tiguan,2017,326264.85,93415,Diesel,Manual,1.4,17.6
Maruti Suzuki Baleno,2014,120000.0,186467,CNG,Manual,1.7,21.2
Honda City,2019,348976.27,104774,,Manual,1.2,19.8
Toyota RAV4,2019,546085.6,69900,,Manual,1.5,9.2
Volkswagen Vento,2023,538549.22,29732,Diesel,Manual,1.0,16.2
Honda Amaze,2009,120000.0,324641,Petrol,Manual,1.6,12.2
Volkswagen Virtus,2019,405211.58,97223,CNG,Automatic,1.6,23.3
Maruti Suzuki Brezza,2022,422531.18,48280,Petrol,Manual,1.7,12.6
Ford Fiesta,2014,459410.41,"147,579 km",Diesel,Automatic,2.5,13.4
Tata Harrier,2014,166619.28,186985,Diesel,Automatic,1.6,15.0
Maruti Suzuki Dzire,2009,120000.0,153061,Diesel,Automatic,2.0,13.8
Ford Endeavour,2011,436290.5,165738,Petrol,Automatic,3.0,8.9
Honda Amaze,2008,120000.0,201434,Petrol,Automatic,1.7,9.4
Maruti Suzuki Ertiga,2014,230379.24,180286,Electric,Manual,0.0,159.9
Toyota Fortuner,2016,288794.76,168568,CNG,Manual,1.7,29.2
Volkswagen Tiguan,2009,120000.0,171865,Petrol,Manual,1.1,14.5
BMW X3,2022,4274242.54,41222,Petrol,Automatic,3.2,9.6
BMW 3 Series,2012,671447.05,201154,Diesel,Automatic,2.2,14.0
Honda Civic,2014,281797.42,142885,Petrol,Automatic,1.8,11.4
Mercedes-Benz C-Class,2015,902104.89,151489,Diesel,Manual,2.6,10.1
Volkswagen Virtus,2014,199055.85,156514,Petrol,Automatic,1.2,11.8
Toyota RAV4,2023,907969.94,34306,Petrol,Manual,1.7,12.3
Mercedes-Benz E-Class,2009,441492.76,213559,Diesel,Manual,2.2,14.9
Honda Accord,2022,756471.44,"23,883 km",Petrol,Automatic,1.5,16.5
Mercedes-Benz GLE,2021,2702357.54,55896,,Manual,2.6,12.5
Honda Amaze,2010,231841.88,250259 KM,Electric,Automatic,0.0,192.2
Audi Q5,2008,397674.94,98125,Petrol,Manual,2.3,9.1
Mercedes-Benz A-Class,2013,973694.83,207488 KM,Diesel,Automatic,2.7,7.7
Maruti Suzuki Swift,2012,120000.0,114222,Diesel,Manual,1.6,11.9
Volkswagen Virtus,2009,120000.0,178649,Diesel,Automatic,,11.6
Ford Mustang,2022,3020745.64,63727,Diesel,Automatic,4.4,6.2
Toyota Yaris,2013,140017.58,201801 KM,Petrol,Manual,1.2,13.6
Mercedes-Benz GLC,2008,371717.99,284821,Petrol,Manual,2.6,10.9
Toyota Corolla,2016,317293.12,81252,Diesel,Manual,1.5,13.2
BMW 3 Series,2012,792219.72,181057,Electric,Manual,0.0,150.8
Maruti Suzuki Swift,2016,160788.41,145589,Petrol,Manual,1.9,12.7
Mercedes-Benz GLE,2021,1833117.0,56665,Diesel,Manual,2.0,16.2
Honda City,2020,372137.47,36996,Diesel,Manual,1.1,15.8
Volkswagen Virtus,2009,120000.0,295067,Petrol,Manual,1.9,7.6
Ford EcoSport,2011,120973.06,237614,CNG,Manual,1.6,20.3
Maruti Suzuki Dzire,2019,241113.38,80913,Diesel,Automatic,,17.8
Hyundai Venue,2009,120000.0,322066,Petrol,Manual,1.0,12.5
Audi A3,2012,628261.89,245858,  Electric ,Manual,0.0,160.3
Toyota Fortuner,2009,140857.43,260750,Hybrid,Manual,1.8,22.0
Mercedes-Benz A-Class,2022,2952242.44,60297,Petrol,Manual,2.7,14.0
Maruti Suzuki Swift,2012,120000.0,166573,Petrol,Manual,1.3,15.6
Tata Nexon,2024,699382.22,9639,Diesel,Manual,1.3,10.3
Honda Amaze,2010,143299.31,115693,Petrol,Manual,,13.8
Mercedes-Benz E-Class,2023,3097838.23,64779,Petrol,Automatic,2.2,10.6
Mercedes-Benz GLE,2016,1526435.19,101137,Petrol,Manual,2.8,7.6
Tata Nexon,2010,120000.0,196340,CNG,Automatic,1.3,25.1
Mercedes-Benz GLC,2011,568902.74,205411,Petrol,Automatic,2.2,11.8
Maruti Suzuki Baleno,2011,120000.0,127160,Petrol,Automatic,1.3,13.3
Ford Fiesta,2010,376075.35,170368,Diesel,Automatic,3.3,12.4
Tata Harrier,2023,579347.01,33593,Diesel,Manual,1.5,16.2
BMW 5 Series,2009,364252.67,277703,Diesel,Manual,2.8,13.4
Tata Altroz,2021,769690.16,38151,Diesel,Manual,2.2,12.3
Audi A4  ,2011,576207.24,230874,Petrol,Automatic,2.4,11.7
Mercedes-Benz C-Class,2016,1525956.08,149148,Petrol,Automatic,2.7,9.7
Ford Fiesta,2021,1060399.26,65997,Hybrid,Manual,2.2,23.6
Toyota RAV4,2022,661846.91,57637,Diesel,Manual,1.3,15.2
Tata Altroz,2014,168284.84,123758,Diesel,Manual,1.6,16.0
Tata Nexon,2008,120000.0,283223,Electric,Manual,0.0,159.1
Mercedes-Benz E-Class,2013,725638.74,163666,Petrol,Manual,2.5,10.8
Maruti Suzuki Swift,2019,477784.53,99915,Electric,Manual,0.0,157.7
Tata Punch,2010,120000.0,195975,Diesel,Automatic,1.3,16.3
Ford Endeavour,2016,668503.28,150977,Diesel,Automatic,2.8,15.3
Toyota Yaris,2015,220766.38,"93,048 km",CNG,Automatic,1.0,28.2
Toyota Camry,2018,716710.46,78529,Diesel,Automatic,2.0,13.5
Audi Q3,2014,774130.64,144388,Petrol,Manual,2.3,9.9
Volkswagen Vento,2023,867921.24,38601,Petrol,Automatic,1.3,13.6
Maruti Suzuki Brezza,2011,167024.97,115088 KM,Electric,Manual,0.0,161.1
Audi Q5,2020,2633305.73,29771,Diesel,Manual,3.1,7.8
Maruti Suzuki Baleno,2015,179855.25,80887,Hybrid,Manual,1.5,26.8
Mercedes-Benz GLE,2022,3113393.6,58461,Diesel,Automatic,2.2,12.0
Volkswagen Polo,2009,221563.94,138303,Electric,Manual,0.0,159.5
Audi A6,2015,1180326.24,120373,CNG,Automatic,2.4,24.0
Tata Nexon,2019,303392.7,54889,Diesel,Manual,1.3,19.2
Audi Q3,2010,499586.72,220491,Electric,Automatic,0.0,151.8
Tata Nexon,2022,490752.39,17437,Diesel,Manual,1.3,17.8
Hyundai Tucson,2013,146898.1,175274,Petrol,Automatic,1.4,15.1
Audi A6,2021,4695090.26,60227,Diesel,Automatic,3.8,10.1
Maruti Suzuki Baleno,2013,148894.78,154288,Petrol,Automatic,1.7,12.3
Toyota Fortuner,2014,496707.79,114768,Electric,Manual,0.0,142.9
Tata Safari,2021,330441.68,78540,Diesel,Automatic,1.0,15.1
Toyota Fortuner,2015,205883.74,130904,Diesel,Manual,1.0,17.6
Mercedes-Benz GLE,2008,379564.66,294975,Petrol,Manual,2.7,12.6
Honda CR-V,2023,1069844.55,51771,Petrol,Manual,2.1,11.5
Maruti Suzuki Baleno,2020,251170.09,108540,Diesel,Automatic,,13.7
Audi A6  ,2024,2511590.45,6410,Diesel,Manual,1.6,15.3
Hyundai Venue,2023,893726.9,29495,Petrol,Automatic,1.7,13.4
BMW 1 Series,2021,1645666.31,71751,CNG,Manual,1.9,23.4
Honda Amaze,2024,1951115.26,23160,Electric,Automatic,0.0,175.1
Honda CR-V,2016,245009.43,69317,Petrol,Automatic,1.3,12.7
Ford Focus,2023,1881679.86,34734,Petrol,Automatic,2.4,9.2
Toyota Corolla,2016,362539.79,88494,Petrol,Automatic,1.2,11.0
Hyundai Creta,2010,120000.0,233258,Diesel,Automatic,1.2,17.0
Maruti Suzuki Baleno,2016,223459.44,117181,Diesel,Automatic,1.7,12.6
Ford Fiesta  ,2024,2971134.04,27180,Diesel,Manual,4.0,9.9
Toyota RAV4,2022,804858.59,29968,Petrol,Manual,,8.5
Honda City,2020,746872.71,112313,Petrol,Manual,2.1,13.8
BMW 3 Series,2010,558348.95,177695,Petrol,Manual,3.3,6.3
Hyundai Creta,2017,408092.52,99091,Diesel,Manual,1.8,17.1
BMW X5,2022,2935078.62,56363,Petrol,Automatic,2.3,10.7
Honda City,2017,385889.76,84392,Diesel,Manual,1.5,13.8
Hyundai Creta,2015,237575.76,150632,Diesel,Manual,1.6,12.2
Toyota Yaris,2024,1325933.31,3000,Petrol,Automatic,1.7,11.8
Honda Amaze,2022,884220.92,65974,Diesel,Automatic,1.8,14.0
Tata Harrier,2013,120000.0,180794,CNG,Manual,1.3,28.4
Audi A3,2011,438491.82,174332,Diesel,Manual,1.9,16.9
Hyundai Tucson,2021,1084898.01,51582,Electric,Manual,0.0,191.9
Volkswagen Polo,2024,802575.61,19840,Diesel,Automatic,1.0,13.1
Hyundai Verna,2019,409556.36,65467,Diesel,Manual,1.4,14.5
Audi Q5,2019,2219742.33,87562,Electric,Manual,0.0,145.6
Toyota Yaris,2012,120000.0,186674,Petrol,Manual,1.2,12.2
Honda Accord,2016,451091.93,63462,Petrol,Automatic,1.9,12.1
Mercedes-Benz C-Class,2008,418718.83,212169,Hybrid,Manual,2.2,17.6
Audi A3,2014,767337.61,145125,Petrol,Automatic,2.3,8.1
Tata Harrier,2010,120000.0,185931,Petrol,Manual,1.6,12.0
Tata Punch,2016,183272.1,162502,Diesel,Automatic,1.2,14.4
Audi Q5,2020,2226679.55,61104,Diesel,Automatic,2.3,11.7
Honda City,2015,282826.27,107407,Diesel,Manual,1.5,17.8
BMW X5,2008,238871.2,256213 KM,Diesel,Manual,1.8,18.2
BMW 1 Series  ,2013,702041.53,114890,Diesel,Automatic,1.8,15.6
Hyundai Creta,2022,569989.29,72067,Diesel,Automatic,1.2,16.2
Ford Mustang,2010,255994.75,107117,Petrol,Manual,2.4,9.8
Tata Harrier,2021,398481.42,72593,Petrol,Manual,1.5,12.6
Maruti Suzuki Swift,2010,120000.0,239019,Diesel,Automatic,1.2,17.7
Maruti Suzuki Brezza,2023,414724.36,46092,Diesel,Manual,1.4,13.4
Tata Punch,2011,120000.0,192383,CNG,Manual,1.7,20.5
Audi A4,2023,3629930.16,45149,Electric,Manual,0.0,181.4
Volkswagen Vento,2016,301162.42,116089,Diesel,Manual,1.5,15.2
Audi A4,2018,1875488.98,72883,Electric,Manual,0.0,197.1
Honda Accord,2017,210986.89,120339,CNG,Automatic,1.0,
Hyundai Tucson,2022,619224.09,"49,883 km",Petrol,Automatic,1.4,15.5
Volkswagen Tiguan,2015,365809.08,102116,Diesel,Automatic,1.6,10.2
Toyota Corolla,2023,1312611.86,38862,Hybrid,Automatic,1.4,26.1
Toyota Yaris  ,2009,120000.0,191013,Petrol,Automatic,1.2,15.8
Hyundai Venue,2009,120000.0,205221,Petrol,Automatic,1.2,14.0
Tata Nexon,2018,511338.59,148333,  Electric ,Automatic,0.0,126.5
Audi A3,2017,899504.37,166159,Petrol,Manual,2.2,9.0
Tata Safari,2009,120000.0,281978,Petrol,Manual,1.6,11.0
Audi Q5,2024,3552521.97,27600,Petrol,Automatic,2.2,10.2
BMW 1 Series,2010,326846.23,249752,Petrol,Manual,2.2,12.2
Mercedes-Benz E-Class,2022,3310720.59,47738,Petrol,Automatic,2.6,9.1
Tata Nexon,2013,182153.04,95942,Diesel,Manual,,13.0
Toyota Corolla,2020,1051337.17,66515 KM,Electric,Manual,0.0,179.5
Ford Focus,2011,444846.47,176471,Diesel,Automatic,4.0,8.7
Ford Mustang,2020,1716978.75,53085,Petrol,Manual,3.5,8.1
Ford Mustang,2023,2161631.71,36107,Petrol,Automatic,2.6,13.3
Tata Safari,2020,408677.24,68766,Petrol,Automatic,1.3,13.7
Maruti Suzuki Brezza,2010,120000.0,126474,CNG,Manual,1.6,22.2
Toyota Fortuner,2017,529120.97,75744,Petrol,Automatic,1.6,11.1
Mercedes-Benz C-Class,2019,2333444.95,73447,Electric,Manual,0.0,154.4
BMW 1 Series,2011,312855.4,243360,Diesel,Manual,1.6,17.0
BMW 3 Series,2009,240354.45,254169,Petrol,Automatic,1.6,13.6
Toyota Fortuner,2024,1129371.52,32054,Diesel,Automatic,1.4,17.2
Maruti Suzuki Brezza,2017,168302.47,143204,Diesel,Manual,1.4,14.3
Honda Amaze,2008,120000.0,139884,CNG,Manual,1.5,23.1
BMW 3 Series,2012,661834.62,117429,Petrol,Manual,2.4,9.0
Ford Endeavour,2016,1035802.57,75947,Diesel,Automatic,3.5,12.0
Mercedes-Benz E-Class,2021,3330587.17,56544,Diesel,Manual,3.1,12.6
Audi A4,2022,2063923.17,59967,Diesel,Automatic,1.6,15.6
Ford Mustang,2022,1870500.87,44278,Diesel,Manual,3.0,12.5
Toyota Fortuner  ,2016,225638.05,193305,Diesel,Automatic,1.0,17.4
Audi Q5,2012,745561.68,127494,Petrol,Manual,2.8,10.9
Audi A4,2009,577632.79,160977,  Diesel ,Manual,3.0,12.4
Volkswagen Virtus,2010,120000.0,269825,Petrol,Automatic,1.0,13.2
Hyundai Tucson,2014,181931.7,190702,Diesel,Manual,1.8,12.8
Volkswagen Vento,2019,345582.47,57390,Diesel,Manual,1.0,16.2
Mercedes-Benz A-Class,2015,1035098.37,106140,Petrol,Manual,2.5,7.2
Tata Harrier,2014,123568.41,206828,Petrol,Manual,1.4,
Toyota Fortuner,2022,945306.94,45948,Diesel,Automatic,1.5,15.4
Volkswagen Taigun,2020,698871.77,99255,CNG,Manual,2.1,22.1
Maruti Suzuki Dzire,2017,290430.56,73394,Petrol,Automatic,1.9,14.6
Audi A3,2014,1009571.86,137798,Petrol,Manual,3.2,10.2
Tata Harrier,2012,270596.4,"156,352 km",Electric,Automatic,0.0,160.1
Honda CR-V,2020,668452.41,72732,Diesel,Automatic,1.8,16.2
Audi A4,2021,1806578.87,47531,Petrol,Manual,1.8,10.9
Audi A6,2013,559428.13,98678,Diesel,Manual,1.6,16.8
Ford Fiesta,2016,727414.28,88565 KM,Diesel,Automatic,2.6,11.5
Hyundai Verna,2024,840979.38,11265,Petrol,Manual,1.8,10.6
Volkswagen Virtus,2023,905583.22,50982,Petrol,Manual,1.7,14.3
Maruti Suzuki Swift,2024,308878.21,21411,CNG,Manual,1.0,23.9
Audi A4,2008,349118.03,252109,Petrol,Manual,2.8,12.0
Volkswagen Polo,2024,1010261.49,22807,Diesel,Automatic,1.3,14.8
Maruti Suzuki Dzire,2009,120000.0,184668,Diesel,Manual,1.7,13.6
Hyundai Verna,2021,407823.79,87223,Diesel,Manual,1.1,18.7
Honda Civic,2022,1116630.47,56414,Diesel,Automatic,2.0,12.6
Mercedes-Benz C-Class,2011,598128.05,205467,Diesel,Manual,2.3,11.4
Toyota Camry,2023,1381761.68,21756,Petrol,Manual,2.2,10.8
Tata Altroz,2011,120000.0,186318,Petrol,Automatic,1.4,18.1
Honda Accord  ,2010,257487.05,150396,Electric,Manual,0.0,176.9
Ford EcoSport,2012,252262.05,245569,CNG,Manual,2.5,21.2
Audi A4,2012,853415.14,193816,Petrol,Automatic,2.9,9.0
Hyundai i20,2018,274865.42,149865,Diesel,Automatic,1.2,17.5
Maruti Suzuki Ertiga,2024,660792.95,28190,Petrol,Automatic,1.5,14.5
Hyundai Verna,2011,124877.15,166913,Diesel,Manual,1.6,12.3
Honda Accord,2021,704978.02,"77,693 km",Diesel,Manual,1.7,14.8
Ford Fiesta,2017,754373.14,75140,Petrol,Automatic,1.9,11.2
Toyota Corolla,2011,186948.99,179108,Diesel,Automatic,1.6,15.2
Volkswagen Taigun,2012,250011.79,58543,Diesel,Automatic,1.7,14.7
Maruti Suzuki Baleno,2015,122266.2,141697,Petrol,Manual,1.4,14.3
Audi Q5,2016,1323838.62,124181,Petrol,Automatic,2.4,11.8
Mercedes-Benz A-Class,2023,4383104.14,43056,Petrol,Automatic,3.3,8.6
Toyota Corolla,2009,158827.78,161399,Petrol,Automatic,1.6,12.2
Honda City,2024,994970.21,21586,Diesel,Automatic,1.4,14.9
Honda CR-V,2022,689185.39,51077,Petrol,Manual,1.9,15.2
Honda City,2014,330862.57,133971,Petrol,Automatic,1.9,13.3
Maruti Suzuki Baleno,2024,631591.62,8298,Diesel,Automatic,1.4,16.5
BMW 1 Series,2019,1972906.41,81614,Petrol,Automatic,2.4,11.8
Audi Q3,2023,4496511.44,45077,Diesel,Automatic,3.1,12.0
Hyundai Creta,2016,186464.92,107653,Petrol,Manual,1.2,11.9
BMW 5 Series  ,2012,695689.66,56679 KM,Diesel,Manual,2.3,13.1
Volkswagen Virtus,2015,236776.9,135378,Diesel,Manual,1.3,14.0
BMW X5,2022,3527309.08,53100,,Automatic,2.8,12.8
BMW X3,2013,1153898.98,171577,Diesel,Automatic,3.5,11.7
Hyundai i20,2021,405185.1,56697 KM,CNG,Manual,1.4,25.4
Honda Civic,2020,412099.84,53939,Petrol,Manual,1.3,10.4
Maruti Suzuki Baleno,2023,430146.7,45805,Diesel,Manual,1.7,16.6
Tata Harrier,2018,658292.08,71767,Electric,Automatic,0.0,147.5
Maruti Suzuki Brezza,2024,414639.79,28161,Diesel,Manual,1.3,16.3
Maruti Suzuki Baleno,2014,150835.32,147612,Petrol,Manual,1.6,13.4
Mercedes-Benz GLC,2022,4366739.1,73681,,Manual,3.6,12.5
Tata Altroz,2009,120000.0,206733,Diesel,Manual,1.2,15.8
Tata Altroz,2023,1220568.62,32967,Electric,Manual,0.0,143.2
BMW X5,2010,540565.45,307055,Diesel,Automatic,3.0,14.9
Tata Altroz,2021,415225.9,"56,373 km",Diesel,Automatic,1.0,16.3
Hyundai Verna,2009,120000.0,175466,Petrol,Manual,1.4,14.5
Hyundai i20,2023,627660.26,37721,Petrol,Manual,1.5,8.9
Volkswagen Tiguan,2010,134755.98,214892,Petrol,Manual,1.8,17.8
Mercedes-Benz GLC,2018,1781264.86,"108,892 km",Petrol,Automatic,2.1,13.1
BMW 1 Series,2013,1068351.58,203435,Hybrid,Automatic,2.8,25.0
Toyota Yaris,2013,131088.09,192889,Petrol,Automatic,1.0,12.3
Mercedes-Benz C-Class,2012,599327.45,168711,Diesel,Automatic,2.1,12.8
Toyota RAV4,2014,170358.02,219090,Petrol,Manual,1.3,11.9
Audi Q5,2010,780776.37,136768,Petrol,Manual,3.8,6.9
Toyota RAV4,2011,133490.67,164359 KM,Diesel,Manual,1.2,15.8
Honda Civic,2020,579041.17,123574,Petrol,Manual,1.9,15.6
Volkswagen Polo,2020,491077.08,90133,Petrol,Manual,1.5,11.3
Honda Amaze,2010,120000.0,239537,Petrol,Automatic,1.3,15.9
Toyota Corolla,2023,1191924.84,21314,Diesel,Manual,1.9,14.9
Honda CR-V,2014,155172.82,91868,Diesel,Automatic,,17.5
BMW X3,2016,1823772.44,154718,Hybrid,Automatic,3.0,20.4
Hyundai Creta,2023,696972.16,14481,Diesel,Automatic,1.4,14.1
Mercedes-Benz A-Class,2017,1144466.19,90825 KM,Diesel,Manual,2.3,10.0
Mercedes-Benz E-Class,2021,1611750.37,67746,CNG,Manual,1.7,26.9
Volkswagen Polo,2020,780001.38,53507,Petrol,Manual,2.0,13.5
Audi A3,2014,1168440.46,197871,Electric,Automatic,0.0,205.8
Mercedes-Benz GLC,2010,395683.01,210587,Petrol,Manual,2.0,12.7
Toyota RAV4,2017,378201.64,82574,Petrol,Manual,1.6,14.6
BMW 3 Series,2017,1649708.38,140389,Petrol,Automatic,3.4,7.1
Ford Mustang,2010,307791.17,236649,Diesel,Manual,3.2,9.7
Toyota Yaris,2013,192527.89,201059,Petrol,Manual,1.7,13.3
Volkswagen Polo,2011,175256.43,159486,Diesel,Manual,1.7,15.7
Mercedes-Benz C-Class,2017,2083062.57,91760,Petrol,Automatic,2.9,8.5
Honda Amaze,2011,120000.0,178703,Diesel,Manual,1.0,
Audi Q5,2009,275201.37,258506 KM,,Automatic,1.8,14.3
BMW X3,2017,1450245.92,92836,Petrol,Automatic,,11.8
Ford EcoSport,2017,575053.39,138359,Petrol,Automatic,2.0,12.0
Hyundai Verna,2024,781448.49,19535,Diesel,Manual,1.6,18.2
Hyundai Creta,2019,255024.21,88985,Petrol,Manual,1.0,13.9
Maruti Suzuki Baleno,2015,122374.09,106567,Diesel,Automatic,1.1,13.7
Tata Punch,2023,446072.79,50965,Petrol,Manual,1.2,14.0
Tata Safari,2015,192832.54,70012,Petrol,Manual,1.3,14.7
Ford EcoSport,2008,315750.62,195817,Hybrid,Manual,3.3,20.1
Toyota Camry,2018,554165.63,84774,Diesel,Automatic,1.4,18.3
Maruti Suzuki Swift,2009,120000.0,159249,Petrol,Manual,1.5,13.3
Toyota Corolla,2021,918462.48,"78,647 km",Diesel,Automatic,2.0,14.5
Toyota RAV4,2009,139717.34,262500,Hybrid,Automatic,1.7,18.8
Maruti Suzuki Swift,2022,504214.94,59842,Petrol,Manual,2.0,12.0
Volkswagen Virtus,2024,717791.5,15476,Petrol,Manual,1.2,17.6
BMW X5,2018,1065365.43,99387,Petrol,Manual,1.6,15.4
BMW X3,2011,689778.81,190095,Petrol,Automatic,2.9,10.8
Volkswagen Vento,2008,120000.0,163232,Diesel,Manual,1.3,13.6
Audi Q5,2014,595365.26,175596,Diesel,Manual,1.7,16.0
Ford Focus,2011,306228.62,149184,Petrol,Automatic,2.2,9.9
Honda City,2019,456668.02,82836,Diesel,Manual,1.5,17.8
Volkswagen Polo,2010,152780.26,214492,CNG,Manual,2.0,22.3
Audi A6,2012,1192297.82,155048,Hybrid,Manual,3.8,24.1
Audi A3,2016,1224061.79,107902,Diesel,Manual,2.8,12.3
Honda CR-V,2013,173487.48,100150,Diesel,Manual,1.3,13.5
Volkswagen Polo,2021,587327.24,56826,Petrol,Manual,1.3,
Toyota Corolla,2018,410606.99,114644,Diesel,Automatic,1.3,19.1
Audi Q3,2010,654984.86,156427,Diesel,Automatic,2.7,13.4
Ford Mustang,2015,559437.45,118662,Diesel,Manual,2.8,12.0
Toyota Yaris,2015,280147.43,179781,Diesel,Manual,1.6,15.6
Maruti Suzuki Ertiga,2008,120000.0,285344,Petrol,Manual,1.5,11.9
Maruti Suzuki Baleno,2009,120000.0,226863,Electric,Manual,0.0,163.8
Audi A4,2018,1282571.83,117102,Diesel,Manual,1.8,13.9
Maruti Suzuki Brezza,2013,120000.0,203643,Diesel,Automatic,1.3,16.0
BMW 1 Series,2021,3145299.85,39407,Petrol,Manual,3.2,10.1
Hyundai Tucson,2011,120000.0,159842,Diesel,Manual,1.2,16.8
Tata Punch,2010,120000.0,208242,Diesel,Manual,,11.1
Toyota Corolla,2010,120000.0,156506,Petrol,Manual,1.0,11.4
Mercedes-Benz A-Class,2011,659669.12,149849,Diesel,Automatic,2.5,14.9
Volkswagen Taigun,2008,120000.0,213350,Diesel,Automatic,1.4,19.3
Tata Nexon  ,2024,483967.91,24107 KM,Diesel,Automatic,1.0,17.0
Mercedes-Benz GLC,2015,868710.27,77591,Petrol,Automatic,1.6,9.9
Honda Amaze,2021,432758.59,57654,Hybrid,Manual,,20.9
Ford Mustang,2021,2175311.13,78970,Petrol,Automatic,3.9,9.6
BMW X3,2017,1677667.07,71517,Petrol,Manual,3.1,10.7
BMW 3 Series,2018,930235.51,98342,Petrol,Manual,1.6,11.6
Maruti Suzuki Dzire  ,2022,326743.55,52602,Diesel,Manual,1.3,17.6
Maruti Suzuki Dzire,2009,120000.0,"195,700 km",  Petrol ,Manual,1.5,14.9
Honda Accord,2018,630024.06,123011,Petrol,Automatic,2.1,10.6
Volkswagen Vento,2009,120000.0,246868,Petrol,Automatic,1.4,14.3
BMW X3,2024,2236444.59,29451,Petrol,Automatic,1.6,9.5
Honda City,2011,212769.87,236165,Diesel,Automatic,2.0,11.9
Ford Focus,2009,166998.44,161490,Petrol,Manual,2.0,10.7
Tata Harrier,2017,283467.63,110235,Petrol,Automatic,1.5,10.2
Tata Nexon,2010,120000.0,180728 KM,Petrol,Automatic,1.1,15.0
BMW X5,2008,395600.78,325917,Petrol,Manual,3.5,11.7
Maruti Suzuki Ertiga,2022,430490.88,51714,Diesel,Automatic,1.4,15.4
BMW 3 Series,2017,1261334.23,122369,Petrol,Manual,2.5,10.1
Toyota Yaris,2014,493384.86,118283,Electric,Manual,0.0,140.1
Hyundai Tucson,2014,201650.89,196193,  CNG ,Automatic,1.6,20.4
Honda Civic,2018,607209.0,91174,CNG,Automatic,2.1,27.7
Hyundai Venue,2015,207849.7,141861,Petrol,Manual,1.5,11.0
Maruti Suzuki Brezza,2015,176009.17,152279 KM,Petrol,Manual,2.1,10.7
Maruti Suzuki Brezza,2023,479974.86,45120,Petrol,Automatic,1.3,10.2
Toyota Corolla,2016,705330.66,83310,Electric,Automatic,0.0,133.5
Ford Mustang,2023,1721968.22,19001 KM,Petrol,Manual,2.6,7.9
Honda Accord,2022,1609757.26,15791,Electric,Automatic,0.0,172.2
Audi Q3,2013,548941.09,244464,CNG,Manual,3.0,25.4
Mercedes-Benz E-Class,2012,545869.34,84171,Diesel,Manual,1.6,15.0
Maruti Suzuki Dzire,2009,120000.0,209509,Petrol,Manual,1.6,14.3
Maruti Suzuki Brezza,2009,120000.0,192259,Petrol,Manual,1.8,11.2
BMW 1 Series,2020,3041292.44,68367,CNG,Automatic,3.5,24.1
Ford Endeavour,2015,798146.47,98295,Petrol,Manual,3.6,12.3
Mercedes-Benz GLC,2013,1094056.04,146540,Diesel,Automatic,2.8,12.4
BMW 3 Series,2010,506969.98,134562,Diesel,Manual,2.4,11.7
Tata Punch,2019,460827.31,76509,Hybrid,Manual,1.6,18.9
Tata Safari,2016,149084.68,110052,Petrol,Manual,1.1,14.3
Hyundai Venue,2013,197052.23,"120,609 km",Petrol,Manual,1.7,14.5
BMW 1 Series,2020,1837986.82,88731 KM,Diesel,Automatic,2.1,11.2
Ford Endeavour,2011,334729.2,215751,Petrol,Manual,3.2,9.5
Audi A6,2008,317307.61,202864,CNG,Automatic,2.2,19.8
Honda Amaze,2019,551197.5,87996,Petrol,Automatic,1.7,10.1
BMW 1 Series,2018,1658606.31,94644,  Diesel ,Manual,2.3,13.5
Honda City,2017,387462.79,98026,Petrol,Manual,1.6,13.4
Ford Mustang,2012,468669.62,158487,Diesel,Manual,3.2,11.9
Audi Q5,2013,900469.87,201655 KM,Petrol,Manual,3.3,12.8
Honda City,2024,1061666.17,28986,Petrol,Manual,1.9,9.9
Audi Q3,2012,795010.92,"195,389 km",Petrol,Manual,3.2,9.1
Honda Accord,2019,469710.0,83820,Diesel,Automatic,1.4,17.3
Tata Safari,2016,233790.05,146814,Petrol,Manual,1.8,9.2
Hyundai Venue,2014,319085.8,152946,Electric,Manual,0.0,160.3
Tata Punch,2020,532198.58,58323,Petrol,Automatic,1.9,12.4
Volkswagen Vento,2022,1154706.58,58896,Electric,Manual,0.0,163.4
Audi Q5,2020,2405904.49,81698,Petrol,Manual,2.9,14.0
Audi Q3,2023,3663111.51,50485,Petrol,Manual,2.7,11.0
Ford EcoSport,2011,169371.8,258810,Petrol,Automatic,1.6,11.8
Tata Nexon,2020,384895.41,35429,Diesel,Automatic,1.3,18.0
Honda Accord,2009,120000.0,147820,Petrol,Manual,1.4,11.8
Toyota Fortuner,2015,337112.06,93022,Petrol,Automatic,1.7,10.9
Honda Accord,2011,121261.49,170098,Diesel,Manual,1.4,16.6
Honda City,2019,475513.65,"52,793 km",Petrol,Automatic,1.2,12.8
Ford EcoSport,2014,745090.2,164552,Diesel,Automatic,3.3,7.6
Volkswagen Taigun,2010,120000.0,172128,Petrol,Automatic,1.3,12.0
Volkswagen Taigun,2015,205832.22,142980,Petrol,Manual,1.3,16.2
Mercedes-Benz GLE,2016,931582.42,153240,Petrol,Manual,1.8,12.4
Ford Endeavour,2017,710583.35,79987,Diesel,Manual,2.5,12.6
Ford Endeavour,2008,152090.11,189460,Petrol,Automatic,2.1,12.3
Ford Focus,2023,1465420.26,41182 KM,Hybrid,Manual,2.2,
Toyota Camry,2024,2479625.6,16804,Electric,Automatic,0.0,164.8
Hyundai Tucson,2009,120000.0,222285,Hybrid,Manual,1.4,24.1
Ford Mustang,2023,2065555.34,42986,Electric,Automatic,0.0,160.5
Audi Q5,2016,1264345.24,158919 KM,Diesel,Automatic,2.3,12.5
Ford Fiesta,2011,312973.92,240338,Diesel,Manual,3.1,13.0
Mercedes-Benz GLC,2019,1516128.1,71082 KM,Petrol,Manual,2.1,11.0
Honda Accord,2024,844948.22,26805,Petrol,Automatic,1.4,14.7
BMW 1 Series,2023,5116822.09,18382,Petrol,Automatic,3.5,8.6
Mercedes-Benz C-Class,2019,1955071.81,94894,Diesel,Manual,2.7,10.9
Hyundai Tucson,2021,592484.26,81239,Diesel,Manual,1.8,11.9
Toyota Yaris,2010,177987.08,216636,Diesel,Automatic,1.8,17.3
Honda Civic,2018,483950.91,63833,Diesel,Manual,1.7,15.6
Tata Harrier,2019,328263.23,90131,Diesel,Manual,1.4,18.3
Toyota RAV4,2022,1202183.45,"56,749 km",Hybrid,Automatic,1.7,23.1
Ford Focus,2014,626162.25,133118,Petrol,Automatic,3.1,7.7
Mercedes-Benz GLE,2016,1121638.71,134056,Petrol,Automatic,2.2,10.8
BMW 1 Series,2015,1142388.74,130936,Diesel,Automatic,2.4,13.2
Ford Mustang,2011,259644.81,200992,Electric,Manual,0.0,161.5
Ford Focus,2024,1757840.6,11969,Hybrid,Manual,1.9,23.2
Audi Q5,2022,2482856.04,72400,Petrol,Automatic,2.2,12.8
Toyota Corolla,2008,120000.0,319639,Diesel,Automatic,1.6,13.1
Ford EcoSport,2014,353584.86,197638,Petrol,Manual,2.1,10.3
Honda Accord,2009,185094.45,204024,Electric,Manual,0.0,158.3
Hyundai Verna,2018,258618.38,113748,Petrol,Manual,1.2,14.5
Mercedes-Benz GLE,2018,1338348.14,76590,Petrol,Manual,2.2,12.6
Mercedes-Benz A-Class,2021,3141061.14,70046,Diesel,Automatic,2.4,13.4
Hyundai Venue,2019,411164.01,66311,Diesel,Manual,1.4,13.0
Ford Focus,2015,662306.78,145565,Diesel,Automatic,2.6,10.9
Mercedes-Benz GLE,2020,1958748.44,87962,Petrol,Automatic,2.0,10.7
Audi A6,2022,2536363.77,39755,Diesel,Manual,2.0,11.1
Volkswagen Vento,2012,166620.21,138624 KM,Diesel,Automatic,1.4,8.7
Ford Focus,2009,291400.87,71731 KM,Diesel,Manual,2.7,14.2
Toyota Corolla,2010,246011.26,241620,Electric,Manual,0.0,143.0
Audi A3,2020,1755214.43,83554,Petrol,Manual,2.1,14.9
Audi A3,2014,910176.94,131018,Diesel,Automatic,2.7,12.6
Honda CR-V,2024,1064578.55,34543 KM,Diesel,Automatic,1.6,14.4
Audi Q5,2016,1150657.43,215989,Petrol,Automatic,2.5,12.3
Mercedes-Benz E-Class,2017,1227993.77,115526,CNG,Automatic,2.3,22.9
BMW 1 Series,2021,2490661.79,3000,Petrol,Manual,2.7,8.4
Audi Q3,2013,1018502.64,150333,Petrol,Automatic,3.3,12.4
Tata Punch,2020,466041.34,53445,Petrol,Automatic,1.5,13.8
Maruti Suzuki Dzire,2021,428124.97,61998,Petrol,Manual,1.8,14.2
Mercedes-Benz GLC,2012,468583.38,209009,Petrol,Automatic,1.7,17.4
BMW X5,2008,188809.89,428602,Petrol,Manual,2.2,13.3
Ford Fiesta  ,2011,330335.53,154488,Diesel,Manual,2.9,12.3
Honda City,2008,120000.0,283492,Diesel,Manual,1.8,14.2
Audi Q5,2011,720147.16,120766,Diesel,Manual,3.0,10.1
Toyota RAV4,2017,428184.59,159143,Petrol,Automatic,1.6,10.8
Hyundai Verna,2021,449290.11,65623,CNG,Automatic,1.3,24.6
Volkswagen Taigun,2020,685123.41,54785,Petrol,Automatic,1.6,14.0
Audi Q5,2023,3673463.77,28024,Electric,Manual,0.0,151.9
Hyundai Verna,2017,423396.31,102075,Petrol,Automatic,1.9,13.6
Volkswagen Tiguan,2021,389980.44,78880,Petrol,Manual,1.1,15.7
Volkswagen Polo,2020,1199153.88,98174,Electric,Automatic,0.0,139.2
Toyota Fortuner,2017,810160.02,138149,Electric,Manual,0.0,138.9
Honda Accord,2023,823351.9,35730,Diesel,Manual,1.6,15.1
Toyota RAV4,2014,246878.21,193355,Petrol,Manual,1.6,14.7
BMW X3,2011,399928.82,247500,Petrol,Automatic,1.9,13.2
Honda Accord,2015,208835.27,149883 KM,Diesel,Automatic,1.1,17.8
Audi A3,2014,946441.04,144864 KM,Petrol,Manual,2.7,13.7
BMW X5,2022,3079135.27,42547,Diesel,Automatic,2.5,11.7
Maruti Suzuki Ertiga,2013,120000.0,93275,CNG,Manual,1.6,23.7
Tata Harrier,2017,268233.34,71198,CNG,Automatic,1.4,25.7
Ford Fiesta,2014,437194.4,168864,CNG,Manual,2.7,22.1
Maruti Suzuki Baleno,2014,120000.0,228179,CNG,Automatic,1.5,27.6
Toyota Fortuner,2017,426977.34,100977,Diesel,Manual,1.7,14.8
Tata Altroz,2022,582309.2,40985,Diesel,Automatic,1.5,14.7
Tata Altroz,2022,467109.05,15438,Petrol,Automatic,1.3,9.2
Honda Accord,2018,756713.76,55786,Electric,Manual,0.0,123.4
Tata Harrier,2022,652197.68,41891,CNG,Automatic,1.7,18.6
Toyota Yaris,2015,189327.61,182806,Petrol,Manual,1.1,13.2
BMW 5 Series,2013,1322727.49,"156,463 km",Hybrid,Automatic,3.3,21.8
Mercedes-Benz A-Class,2009,409333.67,254821,Diesel,Manual,2.3,13.4
Ford Mustang,2014,256761.26,130331,CNG,Manual,1.8,27.5
Mercedes-Benz A-Class,2022,2188294.53,42150,Petrol,Manual,1.9,12.5
Mercedes-Benz C-Class,2022,4229601.5,38199,Diesel,Automatic,2.7,14.4
Honda Accord,2008,120000.0,255020,Petrol,Automatic,1.3,13.2
Maruti Suzuki Brezza,2016,149340.84,148476,Diesel,Manual,1.4,17.4
Audi A4,2017,1922118.32,102277,Diesel,Manual,3.1,12.4
Tata Harrier,2019,380317.75,152561 KM,Petrol,Automatic,1.6,14.7
Toyota RAV4,2017,339631.69,120745,CNG,Manual,1.5,24.3
Volkswagen Tiguan,2016,299369.82,29820,CNG,Manual,1.4,
Volkswagen Polo,2014,173067.36,94287,CNG,Manual,1.3,26.4
Ford Focus,2015,570187.16,172839,Electric,Manual,0.0,154.9
Volkswagen Taigun,2019,463269.29,119266,Diesel,Automatic,1.2,18.7
Toyota Corolla,2020,555741.0,80231,Petrol,Manual,1.5,12.3
Tata Punch,2012,169519.05,98994,CNG,Automatic,1.8,23.0
Maruti Suzuki Dzire,2023,965062.72,34859,Electric,Automatic,,131.1
Volkswagen Vento  ,2010,127089.68,118361,Hybrid,Automatic,1.1,21.0
Honda Civic,2009,142285.21,238118,Diesel,Automatic,1.8,15.0
Ford Endeavour,2019,984465.39,145810,Petrol,Manual,2.7,12.1
Tata Safari,2012,156040.7,123735,Petrol,Automatic,1.8,13.3
Volkswagen Vento,2019,575227.83,"70,988 km",Petrol,Automatic,,14.7
Audi Q3,2018,1681569.28,121546,Hybrid,Manual,2.2,21.8
Hyundai Verna,2022,722911.83,"39,243 km",Petrol,Automatic,1.6,
Ford Focus,2021,1658052.25,55613,Petrol,Manual,3.2,8.9
Maruti Suzuki Brezza,2013,120000.0,175948,Diesel,Automatic,1.3,11.4
Mercedes-Benz GLE,2020,3000770.45,83110,Diesel,Manual,3.2,11.6
Hyundai i20,2009,201174.98,88466,Electric,Manual,0.0,175.7
Toyota RAV4,2010,127861.68,217871,Petrol,Manual,1.4,15.4
Mercedes-Benz C-Class,2014,1091270.52,71618,Electric,Manual,0.0,154.7
Honda Amaze,2012,120000.0,212577,CNG,Manual,1.4,27.8
Honda Civic,2018,311605.01,127978,Petrol,Manual,1.2,14.3
Maruti Suzuki Brezza,2012,120000.0,98874,Diesel,Automatic,1.5,13.0
Ford Fiesta,2013,321399.59,126188,Petrol,Manual,1.9,14.0
Audi Q5,2010,461068.44,183629,CNG,Manual,2.5,21.3
Maruti Suzuki Baleno,2021,384317.58,89225,Diesel,Manual,1.6,14.0
BMW X5,2018,1733494.98,45020,Petrol,Manual,2.7,14.9
Volkswagen Vento,2013,264369.77,150193,Petrol,Automatic,1.6,11.5
Toyota Corolla,2016,258718.95,238275,Petrol,Manual,1.4,15.4
Mercedes-Benz C-Class,2020,2808475.78,72622,Petrol,Manual,3.1,10.4
Toyota Camry,2023,876671.7,47224,Petrol,Automatic,,11.0
BMW 1 Series,2009,472746.41,125735,Hybrid,Automatic,1.9,17.9
Mercedes-Benz E-Class,2021,3423669.29,"20,161 km",Hybrid,Automatic,2.3,16.9
Volkswagen Tiguan,2024,1398084.41,18229,Diesel,Automatic,1.7,12.0
Mercedes-Benz GLE,2008,444693.99,222340,Diesel,Manual,2.7,13.8
Hyundai i20,2012,177001.43,122197,Petrol,Automatic,1.5,14.1
Audi A4,2012,813687.29,176551,Diesel,Manual,3.3,13.5
Audi A6,2013,950701.3,155398,Petrol,Automatic,2.5,12.4
Honda Amaze,2011,120000.0,188657,Diesel,Automatic,1.2,15.7
Mercedes-Benz GLC,2010,546541.63,230770,Diesel,Automatic,2.8,9.2
Toyota Corolla,2018,643919.49,70224,Diesel,Automatic,1.6,11.7
BMW 1 Series,2017,916187.21,40655,Diesel,Manual,1.6,16.9
Maruti Suzuki Baleno,2011,120000.0,225374,Petrol,Manual,1.3,14.1
Toyota Camry,2018,839869.97,101816,Electric,Manual,0.0,169.1
BMW X5,2010,325888.96,180105,Petrol,Manual,1.9,14.5
Hyundai i20,2015,222412.19,120827,Petrol,Automatic,1.3,15.3
Ford Focus,2008,169110.24,209035,Petrol,Manual,2.3,13.3
BMW 1 Series,2012,698047.55,204088,,Manual,3.0,10.1
Volkswagen Vento,2013,273976.83,206369,Hybrid,Automatic,1.8,20.1
Mercedes-Benz A-Class,2019,1598712.13,100594,Petrol,Manual,2.1,12.6
Maruti Suzuki Dzire,2020,482339.25,38546,Petrol,Automatic,2.3,8.6
Hyundai Venue,2024,736316.58,27466,CNG,Manual,1.4,23.6
Ford EcoSport,2016,788081.28,50802,Diesel,Automatic,2.4,15.2
Toyota RAV4,2008,214609.79,196871,Electric,Automatic,0.0,155.6
Mercedes-Benz GLC,2024,6240970.47,22210,Diesel,Automatic,2.9,10.0
Hyundai Venue,2016,466971.61,"127,795 km",Electric,Manual,0.0,153.6
Volkswagen Polo,2015,289763.66,110400,Diesel,Manual,1.5,12.0
Audi Q5,2008,396740.59,204669,Diesel,Automatic,2.3,15.0
Ford Fiesta,2014,368864.44,207485,Diesel,Automatic,1.7,13.2
Hyundai Verna,2022,424827.98,34043,Diesel,Automatic,1.0,19.6
Honda CR-V,2012,248074.58,134449,Diesel,Manual,2.0,11.6
Toyota Yaris,2014,206558.8,149270,Diesel,Manual,1.1,14.3
Volkswagen Vento,2011,178512.92,184488,Petrol,Automatic,1.5,14.2
Ford EcoSport,2016,543532.05,202064 KM,Diesel,Manual,2.2,13.6
Maruti Suzuki Dzire,2014,152900.37,153119,Petrol,Manual,1.9,12.3
Ford Fiesta,2022,981323.51,61290,Petrol,Manual,1.8,12.0
BMW 1 Series,2014,1023653.94,136268,Petrol,Automatic,2.4,13.3
Honda City,2022,557131.74,59421,Petrol,Automatic,1.1,13.6
Honda City,2023,861157.67,50767,Diesel,Automatic,1.5,12.2
Honda Amaze,2009,124624.0,240584,Diesel,Manual,1.9,14.1
Hyundai Verna,2015,180459.57,142293,Petrol,Manual,1.3,10.2
Tata Harrier,2020,437218.13,67351,Diesel,Manual,1.5,17.4
Maruti Suzuki Baleno,2017,207889.52,"100,219 km",Diesel,Automatic,1.4,12.8
Maruti Suzuki Dzire,2024,722942.67,27694,Petrol,Automatic,2.2,10.4
Mercedes-Benz GLC,2013,607126.33,179003,Diesel,Automatic,1.6,17.1
Maruti Suzuki Brezza,2019,242159.35,87815,Diesel,Manual,1.4,14.0
Hyundai Verna,2018,362300.26,94215,CNG,Automatic,1.6,23.0
Mercedes-Benz E-Class,2014,744737.38,193219,Diesel,Manual,2.2,15.8
Ford Mustang,2012,441942.08,196053,Petrol,Automatic,3.1,9.9
Tata Safari,2021,548481.04,24002,CNG,Automatic,1.6,23.4
Volkswagen Vento,2011,175274.13,227260,Petrol,Manual,1.9,12.7
Hyundai Creta,2016,305899.49,"143,730 km",Petrol,Automatic,1.6,15.4
Audi Q3,2022,1835787.97,45247,CNG,Manual,1.8,23.0
Hyundai Venue,2022,792785.54,44242,Petrol,Manual,1.9,10.6
Toyota RAV4,2013,221344.38,192281,Diesel,Manual,1.8,12.8
Ford Mustang,2021,1680020.45,36006,Diesel,Automatic,2.9,14.7
Hyundai i20,2019,613626.72,66309,Diesel,Automatic,1.8,14.8
Tata Nexon,2021,991237.63,40329,Electric,Manual,0.0,129.6
Audi A3,2011,633612.64,197240,Hybrid,Manual,2.4,22.1
Ford Endeavour,2013,580598.75,83185,Diesel,Manual,3.8,10.7
Ford Focus,2017,651158.87,116305,Diesel,Manual,2.4,14.5
Ford Endeavour,2012,350359.43,192092,Diesel,Automatic,2.1,14.1
Mercedes-Benz C-Class,2021,2092347.84,40896,Diesel,Manual,,13.8
Honda Amaze,2019,614309.82,152135,Diesel,Automatic,1.9,9.4
Volkswagen Virtus,2011,181069.66,126848,CNG,Manual,1.8,20.7
Toyota Corolla,2021,1293615.83,89727,Electric,Automatic,0.0,153.0
Honda Amaze,2015,292937.48,198155,Diesel,Manual,1.8,15.3
Toyota RAV4,2010,172201.51,149550,Petrol,Automatic,1.8,12.1
BMW X5,2009,419229.76,"182,692 km",Petrol,Automatic,2.1,8.7
Volkswagen Polo,2019,646776.23,53009,Petrol,Manual,2.0,13.1
Volkswagen Polo,2009,120000.0,209744,Petrol,Automatic,,15.7
Maruti Suzuki Swift,2015,345306.11,67146,Electric,Manual,0.0,152.6
Toyota Fortuner,2012,157489.8,238917,Diesel,Manual,1.2,14.0
Honda Accord,2009,126625.31,150264,Petrol,Manual,1.7,15.4
Hyundai i20,2019,357378.03,47326,Diesel,Automatic,1.2,17.9
Toyota Yaris,2010,200996.97,220404,Diesel,Automatic,1.9,18.3
Hyundai Verna,2016,273895.22,112735,Petrol,Manual,1.7,14.6
BMW 3 Series,2014,1070689.2,133029,Petrol,Automatic,2.8,9.7
Ford Mustang,2024,2589980.63,19727,Diesel,Automatic,3.0,11.1
Audi A3,2012,1065900.13,78304,Petrol,Automatic,2.9,8.5
Volkswagen Polo,2011,197822.32,165833,Diesel,Automatic,1.6,14.3
BMW 1 Series,2018,1394270.36,73311,Diesel,Automatic,1.9,10.6
Hyundai Venue,2014,151191.17,190325,Petrol,Manual,1.2,11.0
Ford EcoSport,2016,701537.03,93235,  Diesel ,Manual,2.8,12.0
Audi A3,2014,736552.24,90499,CNG,Manual,2.3,23.5
Toyota Fortuner,2017,466397.34,94656,Diesel,Automatic,1.5,13.8
Tata Altroz,2019,203721.29,131073,Diesel,Manual,1.0,17.8
Ford Focus,2015,797939.57,132937,Diesel,Automatic,3.0,11.0
BMW 1 Series,2020,1754064.2,91951,Diesel,Manual,2.1,10.5
Audi A3,2015,1422536.6,122724,Diesel,Manual,,11.2
Mercedes-Benz A-Class,2010,356500.78,338402,Diesel,Manual,2.4,14.3
Mercedes-Benz E-Class,2011,667210.43,246942,Electric,Manual,0.0,164.0
Maruti Suzuki Dzire,2016,344301.57,133785,Electric,Automatic,0.0,160.7
Toyota Corolla,2012,192856.78,177034,Diesel,Manual,1.7,16.9
Ford EcoSport,2022,1398616.93,36651,Petrol,Manual,2.4,9.4
BMW 3 Series,2024,2306720.62,28043,Petrol,Manual,1.6,14.5
Tata Safari,2018,194172.83,117450,Diesel,Manual,1.1,18.1
Ford EcoSport,2010,235720.39,329164,Petrol,Automatic,2.9,6.6
Audi Q3,2013,1303698.86,85828,Petrol,Manual,3.8,9.2
Ford Focus,2010,427837.63,208011,Petrol,Automatic,3.9,6.0
BMW 5 Series,2022,3445323.49,25681,Diesel,Automatic,2.5,17.2
BMW 3 Series,2013,1144209.01,130655,Diesel,Automatic,2.8,13.0
Honda Amaze,2017,288171.22,139835,Petrol,Manual,1.3,11.2
Maruti Suzuki Brezza,2016,181109.93,121403,Diesel,Manual,1.8,13.1
Honda Accord,2009,303326.83,115077,Electric,Automatic,0.0,145.9
Maruti Suzuki Swift,2011,120000.0,156975,Petrol,Automatic,1.8,13.4
Audi A6,2020,2685443.73,88554,Diesel,Automatic,2.6,13.3
Maruti Suzuki Brezza,2010,120000.0,182902,Petrol,Manual,1.2,14.4
BMW X5,2021,2675238.3,51180,Petrol,Manual,2.5,13.4
Honda CR-V,2009,120000.0,223050,CNG,Automatic,1.4,25.6
Honda City,2013,233691.0,176155,Hybrid,Manual,1.6,18.9
Honda Civic,2008,196169.99,193577,Electric,Manual,0.0,160.3
Mercedes-Benz GLE,2016,1046104.94,99776,Petrol,Automatic,1.9,13.1
Volkswagen Taigun,2012,393507.08,143152,Electric,Automatic,0.0,185.6
Honda Civic,2009,130823.23,182389,Diesel,Manual,2.1,15.9
Ford EcoSport,2011,326493.76,"133,072 km",Petrol,Automatic,2.2,12.0
Toyota Fortuner,2013,172541.96,138878,Diesel,Manual,1.3,17.2
Ford Fiesta,2014,505708.9,88960,Petrol,Manual,2.5,9.6
Volkswagen Tiguan,2008,120000.0,156562,Hybrid,Manual,1.2,25.7
Maruti Suzuki Brezza,2018,268707.74,35076,Diesel,Automatic,1.3,14.9
Audi Q5,2023,2033850.0,27159,Petrol,Manual,1.6,12.7
Volkswagen Taigun,2015,357938.25,"73,932 km",Petrol,Automatic,1.7,13.9
Toyota Fortuner,2023,1057495.03,25682,Diesel,Manual,1.6,16.3
Hyundai Tucson,2009,120000.0,162150,Diesel,Automatic,1.5,15.3
Tata Harrier,2012,238367.8,138732,Electric,Manual,0.0,186.6
Audi A4,2014,819967.43,75689,Petrol,Manual,2.1,10.7
Hyundai Creta  ,2010,149947.81,131883,Diesel,Automatic,1.5,18.8
Hyundai Venue,2016,171768.77,116805,Diesel,Manual,1.0,16.3
Ford Endeavour,2009,199329.14,172494,Petrol,Manual,2.2,8.8
BMW 3 Series,2009,379855.28,266343,Diesel,Manual,2.6,14.1
Ford EcoSport,2015,485298.45,140178,Petrol,Manual,2.5,10.7
Honda CR-V,2015,290858.1,154547,Petrol,Automatic,1.6,15.7
Hyundai i20,2020,423269.71,45130,Diesel,Automatic,1.2,16.1
Mercedes-Benz C-Class,2015,1538058.46,150732,Petrol,Automatic,3.0,10.5
Volkswagen Virtus,2016,343952.15,111399,Diesel,Automatic,1.3,12.8
Hyundai Tucson,2009,120000.0,183400,Petrol,Automatic,1.8,8.0
Volkswagen Virtus,2011,143604.16,96085,Petrol,Manual,1.4,12.7
Honda Civic,2020,463685.0,95131,Diesel,Manual,1.5,17.6
Hyundai Venue,2011,128759.02,199933,Diesel,Manual,1.5,18.5
Toyota Yaris,2012,385360.04,142926,Electric,Manual,0.0,169.9
Maruti Suzuki Brezza,2023,473793.03,36123,Petrol,Manual,1.7,10.5
Hyundai i20,2010,120000.0,217503,Petrol,Manual,1.6,12.9
Volkswagen Taigun,2011,186558.29,182908,Petrol,Automatic,1.6,14.0
Volkswagen Vento,2016,421566.78,112516,Diesel,Automatic,1.6,19.5
BMW 3 Series,2014,1228514.28,109236 KM,Electric,Manual,0.0,160.3
Toyota Yaris,2016,401237.21,91782 KM,Petrol,Manual,1.7,10.0
Mercedes-Benz GLE,2014,1210275.8,174449,Electric,Manual,0.0,185.6
BMW 1 Series,2014,721455.45,87705,CNG,Automatic,1.8,18.6
Audi A6,2017,885288.29,107359,Petrol,Manual,1.6,10.4
Maruti Suzuki Brezza,2014,157831.23,149159 KM,Petrol,Automatic,1.8,14.4
Tata Safari,2012,120000.0,185377,Petrol,Automatic,1.5,13.8
Tata Altroz,2014,197513.43,108097,Diesel,Automatic,1.5,16.3
Hyundai i20,2024,1135232.43,"19,625 km",Diesel,Automatic,1.7,13.4
Toyota Yaris,2010,139965.86,251715,Petrol,Manual,1.6,13.2
Ford Focus,2023,1759649.53,38380,Petrol,Automatic,2.9,10.4
Tata Punch,2009,120000.0,266200,Diesel,Manual,1.7,17.0
Mercedes-Benz A-Class,2009,731545.6,159883 KM,Diesel,Automatic,3.1,11.0
Honda Accord,2016,706194.87,70799,Electric,Automatic,0.0,148.7
Toyota RAV4,2012,133315.64,196638,CNG,Manual,1.2,26.7
Hyundai Verna,2019,451517.62,79454,Diesel,Manual,1.8,13.8
Toyota Corolla,2009,120000.0,228117,CNG,Manual,1.3,20.5
Volkswagen Tiguan,2016,279401.61,107661,Diesel,Manual,1.4,14.9
Volkswagen Vento,2022,1044179.01,53703,Diesel,Automatic,1.5,9.8
Maruti Suzuki Brezza,2012,120000.0,143541,CNG,Manual,1.5,26.4
Maruti Suzuki Brezza,2020,480000.79,"104,205 km",Electric,Manual,0.0,144.9
BMW 5 Series,2023,2709964.04,"26,169 km",Petrol,Manual,2.3,13.5
Tata Safari,2016,238002.97,158912,Diesel,Manual,1.7,13.7
Hyundai Venue,2011,177598.79,176387,Diesel,Automatic,1.8,13.1
Tata Harrier,2024,836141.96,26741,Diesel,Automatic,1.4,10.7
Honda City,2018,525578.16,90317,Diesel,Manual,1.9,11.0
Volkswagen Taigun,2024,1045598.13,20374,Diesel,Manual,1.6,14.8
Maruti Suzuki Dzire,2016,223458.65,105283,Diesel,Automatic,1.6,17.0
Maruti Suzuki Dzire,2021,451321.81,61944,Diesel,Automatic,1.8,13.3
Volkswagen Polo,2012,229775.92,109626,Petrol,Manual,1.6,17.0
Toyota Fortuner,2021,1564647.42,43700,Electric,Automatic,0.0,155.2
Volkswagen Taigun,2018,541877.7,104558,  Petrol ,Automatic,1.5,10.6
Ford Mustang,2008,128086.58,274378,Petrol,Manual,2.2,10.6
Mercedes-Benz C-Class,2020,2590658.19,"72,399 km",Diesel,Manual,2.6,9.9
Toyota Yaris,2015,349747.81,177041,Hybrid,Automatic,1.5,23.0
Maruti Suzuki Brezza,2020,335622.49,68826,Diesel,Automatic,1.4,11.7
Tata Altroz,2010,120000.0,252952,Diesel,Manual,1.3,14.0
Audi Q3  ,2020,2393260.06,116931,Petrol,Automatic,2.8,9.8
BMW 1 Series,2022,3016640.79,32210,Petrol,Automatic,2.5,10.4
Tata Nexon,2012,136542.74,164566,Petrol,Manual,1.6,8.0
Maruti Suzuki Baleno,2008,120000.0,74848,Diesel,Manual,1.0,15.5
BMW 3 Series,2008,485507.53,309393,Petrol,Manual,3.8,9.1
Ford Endeavour,2008,120000.0,334575,Diesel,Manual,2.0,12.3
Honda Civic,2023,911736.51,43256 KM,Diesel,Automatic,1.3,18.2
Ford Endeavour,2009,327344.48,175677,Diesel,Automatic,3.2,11.3
Hyundai Creta,2024,1077484.94,8439,Petrol,Automatic,1.7,13.0
Hyundai Creta,2023,1165485.93,14997,Petrol,Automatic,2.1,12.8
Ford Focus,2011,168996.96,228806,Petrol,Manual,1.6,13.4
Honda Amaze,2018,345794.54,92592,Petrol,Automatic,1.3,9.6
Toyota Fortuner,2017,358869.01,143728 KM,Diesel,Automatic,1.3,18.0
Mercedes-Benz GLE,2024,4810189.73,28813,Diesel,Automatic,2.8,12.0
Tata Safari,2010,120000.0,232080 KM,CNG,Manual,1.9,24.7
Volkswagen Tiguan,2019,516993.19,100156,Petrol,Manual,1.8,13.9
Mercedes-Benz C-Class,2018,1632314.94,128847,Diesel,Manual,2.6,13.0
Hyundai Venue,2018,388095.02,60508,Diesel,Automatic,1.4,20.0
BMW 1 Series,2024,6295861.2,33838,Petrol,Automatic,3.8,12.2
Maruti Suzuki Swift,2017,380990.27,100160,Electric,Automatic,0.0,
Mercedes-Benz A-Class,2013,633411.29,193642,Diesel,Automatic,1.8,14.6
BMW X3,2010,563169.03,"194,661 km",Petrol,Automatic,2.6,7.6
BMW X5,2018,1582465.94,74440,Electric,Manual,0.0,191.0
Hyundai Tucson,2017,164020.68,136623,Petrol,Manual,1.2,13.6
Ford Fiesta,2014,591271.89,130995,Diesel,Manual,2.5,15.1
Maruti Suzuki Swift,2014,120000.0,123384,Diesel,Automatic,1.1,16.5
Ford Mustang,2008,256316.19,270912,Hybrid,Manual,3.5,26.6
Honda Amaze,2009,120000.0,179414,Petrol,Automatic,1.2,13.3
Volkswagen Virtus,2011,131445.87,218128,Petrol,Manual,1.5,11.2
Audi Q5,2024,4094793.42,34525,Petrol,Manual,3.0,10.4
Hyundai Creta,2019,313742.8,47015,CNG,Manual,1.2,23.5
Ford Endeavour,2017,660897.36,88322,Petrol,Manual,2.3,10.6
BMW 5 Series,2023,2987223.35,55503,Petrol,Manual,2.7,13.4
Ford Fiesta,2023,2266263.49,30225,Petrol,Automatic,3.2,9.7
Toyota Yaris,2020,793528.78,69849 KM,Diesel,Automatic,1.7,16.3
Toyota Camry,2015,274948.15,162813,Petrol,Automatic,1.4,13.0
Ford Focus,2010,267473.32,138970,Petrol,Automatic,2.4,8.7
Volkswagen Tiguan,2017,666597.62,79400,Electric,Manual,0.0,133.6
Audi A3,2021,2885336.72,69327 KM,Petrol,Automatic,2.9,6.0
BMW X3,2020,1651516.49,50290,Diesel,Automatic,1.9,20.4
Volkswagen Tiguan,2020,664790.98,127868,Diesel,Automatic,1.7,11.8
BMW 3 Series,2008,722222.31,81661,Petrol,Automatic,3.6,9.9
Maruti Suzuki Ertiga,2017,121394.56,56445,  Diesel ,Manual,1.0,14.6
Tata Nexon,2010,120000.0,222957,Petrol,Manual,1.0,13.7
Mercedes-Benz A-Class,2012,792467.44,82459,Petrol,Automatic,2.1,11.7
Ford Mustang,2022,1576425.12,49716,CNG,Manual,3.5,24.1
Maruti Suzuki Dzire,2021,396392.84,56893,Diesel,Automatic,1.4,14.0
Volkswagen Vento,2024,846623.31,28214,Diesel,Manual,1.3,19.9
Toyota RAV4,2008,120000.0,223197,Petrol,Automatic,1.2,13.7
BMW X5,2022,1829552.49,67410,Hybrid,Manual,1.6,24.0
Toyota Fortuner,2020,1264016.74,97867,Electric,Automatic,0.0,180.6
Maruti Suzuki Ertiga,2021,230419.07,72234,Diesel,Manual,1.0,18.6
Ford EcoSport,2019,619334.17,88049,  CNG ,Manual,1.8,27.0
Maruti Suzuki Dzire,2013,130426.1,79973,Diesel,Automatic,1.4,15.3
BMW 3 Series,2012,509201.65,67139,Petrol,Automatic,1.6,14.7
Toyota Fortuner,2010,120000.0,"310,129 km",Diesel,Automatic,1.4,14.5
Audi Q3,2022,1985754.75,42291,Petrol,Automatic,1.6,8.7
Maruti Suzuki Ertiga,2021,357207.65,78723,Petrol,Automatic,1.5,12.3
BMW 3 Series,2020,3385445.65,40653,Petrol,Automatic,3.0,8.7
Volkswagen Polo,2016,256539.01,153064,Diesel,Automatic,1.2,20.3
Mercedes-Benz C-Class,2014,957295.89,98655,Petrol,Automatic,1.9,11.4
Ford Endeavour  ,2020,718107.71,71426,Petrol,Manual,1.9,13.1
Toyota Corolla,2022,665330.85,53132,Petrol,Manual,1.4,13.1
Tata Safari,2010,120000.0,228824,Petrol,Manual,1.2,13.7
Mercedes-Benz C-Class,2017,2005127.0,85590,Electric,Automatic,0.0,176.0
Hyundai Verna,2016,289923.55,"163,875 km",Hybrid,Automatic,1.2,21.2
Volkswagen Vento,2016,322519.44,187491,Petrol,Manual,1.7,8.8
Tata Nexon,2016,356979.74,134535,Electric,Manual,0.0,147.7
Volkswagen Tiguan,2022,1014571.31,47388,Diesel,Automatic,1.6,14.9
Hyundai Tucson,2013,201343.92,104004,Petrol,Automatic,1.6,13.0
BMW X5,2016,2242940.3,114379,Hybrid,Automatic,3.7,
BMW 5 Series,2021,2501720.19,44088,Diesel,Automatic,2.1,14.6
Mercedes-Benz A-Class,2019,2329478.49,70307,Diesel,Manual,2.7,11.2
BMW X3,2016,1471930.11,104110,Petrol,Automatic,,9.2
Toyota RAV4,2018,320011.75,114059,CNG,Manual,1.3,28.6
Mercedes-Benz C-Class,2020,2239103.08,97890,Petrol,Automatic,2.2,10.3
Volkswagen Tiguan,2020,910160.1,58681,Diesel,Automatic,2.1,13.5
Tata Punch,2016,274905.64,84166,Petrol,Automatic,1.6,12.8
Tata Nexon,2013,298985.32,220277,Hybrid,Automatic,2.3,17.6
Ford Endeavour,2020,939445.01,117099,Petrol,Automatic,2.3,9.5
Honda Amaze,2010,120000.0,228775,CNG,Automatic,1.2,27.4
Maruti Suzuki Baleno,2010,120000.0,193911,Petrol,Manual,1.4,13.2
Hyundai Creta,2017,275508.27,76378,Petrol,Automatic,1.3,12.5
Tata Harrier,2009,120000.0,296236,Petrol,Manual,1.0,15.3
Hyundai Creta,2022,650865.48,40732,Petrol,Automatic,,13.5
Mercedes-Benz GLC,2017,1035960.03,105034,CNG,Automatic,1.8,28.4
Mercedes-Benz A-Class,2017,845699.84,119501,Petrol,Manual,1.6,10.5
Volkswagen Vento,2015,259935.28,83880,Petrol,Manual,1.5,11.6
Hyundai Tucson,2010,140282.43,149472,Diesel,Automatic,1.7,14.5
Audi A3,2013,877858.51,190291,Diesel,Automatic,3.1,13.7
Tata Safari,2012,121836.71,210677,Petrol,Manual,1.5,12.2
Toyota RAV4,2014,235956.84,197770,Petrol,Automatic,1.5,12.8
Tata Nexon,2016,197227.51,156619,Diesel,Automatic,1.3,17.2
Audi Q3,2014,703157.93,113183,Diesel,Manual,2.0,13.1
Honda Amaze,2009,120000.0,315984,Diesel,Manual,1.6,16.2
Volkswagen Taigun,2015,204234.04,150820,Petrol,Manual,1.3,14.0
Volkswagen Taigun,2012,245077.59,176941,Petrol,Manual,2.2,11.5
Honda Civic,2016,570517.4,49345,Electric,Manual,0.0,115.9
BMW X3,2013,805473.44,156426,Diesel,Manual,2.7,12.1
Ford EcoSport,2015,566669.09,172392,Diesel,Manual,3.0,10.8
Toyota Fortuner,2019,569200.7,106310,Petrol,Automatic,1.5,15.8
Toyota Yaris,2010,166203.61,122383,Petrol,Automatic,1.6,12.7
BMW 1 Series,2024,3882490.43,12441,Diesel,Automatic,2.2,13.6
Tata Safari,2011,120000.0,106223,Diesel,Manual,1.2,14.7
Toyota Camry,2017,512284.73,91673,CNG,Automatic,1.7,20.1
Honda City,2023,890097.47,26690,Petrol,Automatic,1.6,13.5
Honda Amaze,2018,265905.08,137866,Petrol,Manual,1.1,17.5
Honda Amaze,2017,422065.5,148143,Petrol,Automatic,1.8,
Toyota RAV4,2023,1289132.4,45434,Petrol,Automatic,1.8,10.7
Maruti Suzuki Dzire,2022,359483.28,48598,Petrol,Automatic,1.3,14.8
Ford Focus,2022,1033899.06,32094,Diesel,Manual,1.6,17.5
Ford Fiesta,2012,453437.62,156707,Petrol,Automatic,3.5,7.7
BMW 3 Series,2017,1565784.82,118291,Diesel,Manual,3.0,11.3
Maruti Suzuki Brezza,2023,334458.19,35387,Petrol,Manual,1.2,11.4
Maruti Suzuki Swift,2016,120000.0,114092,Petrol,Manual,1.1,13.5
Honda Civic,2022,445859.57,55726,Petrol,Manual,1.1,15.2
Tata Altroz,2024,704377.39,34850,Petrol,Automatic,1.3,15.0
Audi A3,2017,1501721.0,144256,Petrol,Automatic,2.8,11.1
BMW 5 Series,2019,1606337.77,88202,Petrol,Manual,2.6,10.2
Hyundai Tucson,2013,225759.33,154076,Petrol,Manual,2.1,8.1
Toyota RAV4,2020,463498.54,72042,Petrol,Automatic,1.1,15.5
Ford EcoSport,2016,567444.38,89879,Diesel,Automatic,2.1,13.2
Tata Altroz,2011,127293.98,131368,Diesel,Manual,1.7,17.0
BMW X3,2008,398589.4,174549,Electric,Manual,0.0,159.1
Maruti Suzuki Dzire,2019,337235.37,116177,Petrol,Manual,2.3,8.5
Maruti Suzuki Dzire,2017,192612.96,119157,Petrol,Manual,1.5,13.7
Maruti Suzuki Brezza,2024,863184.23,9625,Diesel,Automatic,1.9,12.8
Maruti Suzuki Baleno,2016,156283.27,100670,Diesel,Manual,1.4,14.3
Maruti Suzuki Baleno,2012,120000.0,189110,Petrol,Manual,1.0,13.5
Mercedes-Benz A-Class,2015,1311607.53,174398,Diesel,Automatic,2.5,11.7
BMW 3 Series,2009,368824.8,171097,Petrol,Manual,2.3,11.9
BMW X5,2009,510439.28,189211 KM,Diesel,Manual,2.9,11.6
Volkswagen Virtus,2021,1556092.52,68401,Electric,Automatic,0.0,158.6
BMW 1 Series,2023,3577752.7,42838,Petrol,Manual,2.8,10.1
Audi Q5,2009,532877.82,221128,Diesel,Automatic,3.0,9.8
BMW X3,2014,1377258.81,58205,Petrol,Automatic,3.0,6.0
BMW 5 Series,2022,2320876.01,34167,CNG,Manual,2.5,25.5
Toyota Corolla  ,2017,444245.71,85923,Petrol,Automatic,1.3,12.7
Hyundai i20,2022,607792.73,56063,Petrol,Automatic,1.4,12.5
Mercedes-Benz E-Class,2011,541205.35,208331,Petrol,Automatic,2.2,10.6
Toyota Yaris,2022,968473.3,40310,Petrol,Automatic,1.6,13.9
Ford EcoSport,2011,207786.56,217649,Diesel,Manual,2.4,13.4
Ford Endeavour,2016,535916.36,141200,Petrol,Manual,2.3,13.2
Tata Harrier,2017,199220.36,"93,168 km",Diesel,Manual,1.2,14.2
Hyundai Tucson,2020,406131.44,81012,Petrol,Automatic,1.4,16.2
Toyota RAV4,2019,610087.2,118033,Diesel,Automatic,1.6,13.0
Ford Mustang,2012,492756.87,154407,CNG,Automatic,3.8,23.2
Hyundai Tucson,2018,301111.8,65603,Diesel,Automatic,1.1,19.5
Mercedes-Benz C-Class,2015,931354.14,150856,Diesel,Manual,2.1,12.4
Ford Mustang,2010,165056.28,195053,CNG,Automatic,1.6,
BMW 5 Series,2011,701029.82,130031,Diesel,Manual,2.5,8.1
Tata Safari,2008,120000.0,254995,Petrol,Manual,1.0,15.8
Honda Amaze,2010,128424.48,266502,Petrol,Automatic,,12.3
Toyota Camry,2016,788472.92,116723,Electric,Automatic,0.0,149.1
BMW X5,2013,869549.28,157847,Petrol,Automatic,2.9,9.4
Hyundai Venue,2015,296115.49,6747,CNG,Manual,1.7,26.1
Ford Endeavour  ,2020,1367985.16,67288,Diesel,Manual,2.9,13.9
Tata Safari,2024,795168.45,19397,Diesel,Manual,1.6,16.0
Hyundai Creta,2015,217820.62,139045,Diesel,Manual,1.5,15.0
Maruti Suzuki Swift,2021,345790.51,24917,Diesel,Manual,1.3,16.7
Maruti Suzuki Ertiga,2017,138953.68,103382,Diesel,Manual,1.1,13.2
BMW 5 Series,2022,3184854.13,36818,Petrol,Manual,3.0,10.3
Toyota Yaris,2019,409946.32,28197,Petrol,Automatic,1.0,14.8
Hyundai Verna,2019,280407.09,98863,Diesel,Automatic,1.0,17.0
Mercedes-Benz A-Class,2011,676549.51,156444,Petrol,Automatic,2.4,10.1
Ford Focus,2024,1759509.84,37086,Petrol,Automatic,2.1,10.9
Tata Nexon,2008,120000.0,302360,Petrol,Automatic,1.3,16.3
Tata Punch,2011,187358.81,80805,Diesel,Automatic,2.1,12.3
Mercedes-Benz C-Class,2022,4225463.31,30018,Diesel,Manual,3.6,10.5
Maruti Suzuki Swift,2019,210318.68,64523,Diesel,Manual,1.1,15.1
Audi Q3,2018,1559777.74,51618,Diesel,Automatic,2.0,10.5
Volkswagen Tiguan,2016,266987.34,139352,CNG,Manual,1.6,24.6
Honda Amaze,2015,268732.32,100210,Petrol,Automatic,1.5,8.9
Audi Q5,2021,2792998.73,48777,CNG,Manual,3.3,22.2
Tata Safari,2008,120000.0,243658,Petrol,Manual,1.5,16.4
Mercedes-Benz A-Class  ,2008,445305.45,206399,Petrol,Manual,2.7,10.3
Mercedes-Benz GLE,2018,2375207.92,125525,Petrol,Manual,3.6,8.6
Hyundai i20,2020,526177.98,74616,Hybrid,Manual,1.6,20.2
Toyota Yaris,2018,595535.45,66921,Diesel,Automatic,1.6,17.1
Hyundai i20,2024,909593.24,30106,CNG,Manual,1.8,16.7
Tata Nexon,2019,202182.91,93983,Diesel,Automatic,1.0,15.9
BMW X5,2015,1083680.55,181789,Diesel,Automatic,2.7,13.8
Hyundai Venue,2016,259625.43,106904,Petrol,Manual,1.5,12.0
Honda CR-V,2017,380949.65,119431,Diesel,Automatic,1.5,15.7
Honda Amaze,2024,960668.62,27162,Hybrid,Manual,1.5,25.6
Audi A3,2020,2178555.77,68780,Petrol,Manual,2.4,7.2
Tata Altroz,2022,460824.83,30171,Petrol,Automatic,1.2,15.1
Tata Safari,2020,511498.99,63979,Petrol,Manual,1.9,12.5
Ford EcoSport,2014,465244.22,217636,Petrol,Manual,2.5,16.1
Volkswagen Vento,2013,151619.45,195181,Petrol,Manual,1.3,15.3
Hyundai i20,2021,522721.31,100274,Petrol,Manual,1.7,9.0
BMW X5,2024,3642531.15,29921,CNG,Automatic,2.7,24.4
Hyundai Tucson,2014,244057.26,121154,Petrol,Automatic,1.6,9.0
Toyota Corolla,2015,377214.19,174430,Petrol,Automatic,1.9,10.0
Hyundai Tucson,2017,348781.55,130896,Petrol,Automatic,1.8,
Mercedes-Benz A-Class,2010,443456.8,260603,CNG,Automatic,2.3,23.8
Volkswagen Tiguan,2018,394143.73,69922,Diesel,Manual,1.2,18.3
Hyundai i20,2014,132153.1,164925,Petrol,Manual,1.3,15.3
Tata Harrier,2024,644752.36,14549,Petrol,Automatic,1.3,14.4
Toyota Fortuner,2011,131543.46,275017,CNG,Manual,1.8,23.5
Ford Endeavour,2019,1031172.06,119335,Diesel,Manual,3.1,14.8
BMW 5 Series,2015,1312026.62,174393,Petrol,Automatic,3.4,12.9
Honda CR-V,2021,1019988.4,68563,Electric,Manual,0.0,
Hyundai i20,2024,866766.77,11420,  Diesel ,Automatic,1.5,15.4
Audi A4,2020,2006025.13,107354,Petrol,Manual,2.4,10.0
BMW X3,2014,1311287.79,"145,975 km",Petrol,Automatic,3.0,9.6
Mercedes-Benz A-Class,2019,2197038.91,88640,Diesel,Automatic,2.3,13.9
Toyota RAV4,2017,443367.07,71565,Hybrid,Manual,1.6,26.8
Audi A4,2016,1275654.26,102428,Petrol,Manual,2.7,10.5
Maruti Suzuki Ertiga,2015,147627.95,124798,Diesel,Automatic,1.4,12.9
BMW 1 Series,2018,1687639.32,88855,Diesel,Manual,2.5,12.1
BMW 1 Series,2019,1935183.51,84520,Diesel,Manual,2.6,13.9
BMW 5 Series,2009,447344.92,230507,Diesel,Manual,2.5,8.9
Ford EcoSport,2010,204415.56,154353 KM,Petrol,Manual,2.2,10.7
Maruti Suzuki Baleno,2023,508988.79,35426,Diesel,Manual,1.7,14.0
Ford EcoSport,2015,512513.36,127593,Diesel,Manual,2.3,13.2
Honda Amaze,2010,120000.0,152154,Diesel,Manual,1.1,16.9
BMW X3,2010,384865.67,198716,Petrol,Manual,2.2,11.9
Maruti Suzuki Swift,2024,592644.2,22282,Diesel,Automatic,1.4,16.0
BMW 5 Series,2012,621568.75,206398 KM,Petrol,Automatic,2.4,11.7
Hyundai Tucson,2024,1022463.28,7636 KM,Diesel,Automatic,1.5,13.4
Toyota Corolla,2012,339759.71,190728,  Electric ,Manual,0.0,150.3
Mercedes-Benz GLC,2008,517294.96,260415,Diesel,Automatic,3.3,8.1
Ford Fiesta,2021,1049334.21,90641,Diesel,Manual,2.1,11.5
BMW X3,2020,1610817.47,74824 KM,CNG,Manual,2.4,24.2
Volkswagen Virtus,2022,834825.27,63910,Diesel,Automatic,1.4,14.5
Maruti Suzuki Brezza,2016,161935.31,104048,Diesel,Automatic,1.3,12.3
Tata Punch,2012,160350.21,126501,Diesel,Manual,1.8,14.7
Maruti Suzuki Dzire,2024,588655.95,21819,Diesel,Manual,1.6,10.2
Maruti Suzuki Swift,2024,526493.78,27710,Hybrid,Manual,1.4,21.1
Honda Amaze,2008,120000.0,218844,Diesel,Automatic,1.1,17.8
Maruti Suzuki Dzire,2017,207424.36,118423,Diesel,Manual,1.6,12.5
Volkswagen Vento,2012,163617.59,112878,Petrol,Automatic,1.2,15.7
Ford EcoSport,2016,649880.44,144268 KM,Petrol,Manual,3.1,8.6
Hyundai Tucson,2022,449662.43,59780,Diesel,Manual,1.2,17.0
Volkswagen Polo,2010,120000.0,276790,Hybrid,Manual,1.1,22.4
Mercedes-Benz C-Class,2020,1884820.32,81591,Diesel,Automatic,1.8,12.7
Audi A3,2018,2301593.93,101270,Electric,Automatic,0.0,162.9
Maruti Suzuki Brezza,2021,376980.5,21327,Petrol,Manual,1.7,9.0
Ford Fiesta,2023,1844892.06,43770,Diesel,Manual,2.8,11.1
Audi A3,2020,2218272.34,78142,Petrol,Manual,2.4,11.6
Volkswagen Tiguan,2020,467448.08,94309,Petrol,Automatic,1.2,11.3
Volkswagen Polo,2009,120000.0,194652 KM,Petrol,Manual,1.5,13.2
Toyota Fortuner,2015,325415.62,181034,Petrol,Automatic,1.8,14.3
Honda Accord,2011,147388.16,261056,Petrol,Automatic,1.7,12.2
Tata Safari,2015,236476.55,147773,Petrol,Manual,1.8,11.9
Mercedes-Benz GLE,2021,2863681.88,46899,Diesel,Automatic,2.5,11.9
Audi A3,2008,484133.74,228786,Petrol,Automatic,3.0,7.1
Ford Endeavour,2016,843922.09,83186,Diesel,Manual,3.2,9.8
Hyundai Venue,2015,233712.17,156789,Petrol,Manual,1.8,9.4
Maruti Suzuki Dzire,2010,120000.0,163679,Petrol,Automatic,1.6,11.4
Tata Harrier,2024,641793.01,14658,Petrol,Automatic,1.2,10.0
Honda CR-V,2011,188946.87,157551,CNG,Manual,2.1,21.8
Maruti Suzuki Baleno,2010,120000.0,168423,Diesel,Manual,1.8,13.5
Ford Endeavour,2023,2094186.62,41780,Petrol,Automatic,2.7,8.5
Ford Fiesta,2012,421964.52,215102,Petrol,Automatic,3.1,8.7
BMW X3,2022,3423974.48,31768,Electric,Manual,0.0,152.9
Toyota Corolla,2010,120000.0,138669,Petrol,Manual,1.3,15.0
Ford EcoSport,2015,595091.16,121105,Diesel,Automatic,2.7,12.8
Mercedes-Benz GLE,2015,1722338.54,95218,Petrol,Automatic,3.2,9.5
Mercedes-Benz E-Class,2021,3130308.47,68967,Diesel,Manual,2.6,11.9
Tata Altroz,2008,120000.0,317075,Petrol,Automatic,1.4,10.5
Hyundai Creta,2013,309840.71,126673,Petrol,Automatic,2.3,12.9
Maruti Suzuki Ertiga,2017,187127.57,79088,Petrol,Manual,1.6,16.9
Mercedes-Benz A-Class,2019,1756414.5,68769,CNG,Manual,2.5,22.2
Mercedes-Benz A-Class,2017,1415307.57,134979 KM,CNG,Manual,2.7,22.2
Ford Mustang,2023,1561697.02,25466,Diesel,Manual,2.3,9.0
Honda Civic,2011,120000.0,263227,Petrol,Manual,1.5,10.5
Volkswagen Tiguan,2014,231390.45,177877,Diesel,Manual,1.5,17.3
Audi Q3,2012,684153.61,136346 KM,Petrol,Manual,2.7,10.8
Volkswagen Polo,2018,781682.67,103956,Electric,Manual,0.0,143.9
Tata Harrier,2010,120000.0,263976 KM,Petrol,Manual,1.5,11.3
Audi A6,2011,443925.71,209550,CNG,Manual,2.1,26.5
Maruti Suzuki Swift,2018,206778.51,110922,CNG,Automatic,1.4,19.7
Hyundai Creta,2022,742952.05,48377,Petrol,Manual,1.8,13.2
Tata Harrier,2016,180854.53,"109,587 km",Diesel,Automatic,1.0,16.9
Toyota Fortuner,2022,1002574.51,50341,Diesel,Automatic,1.9,13.9
Toyota Corolla,2023,1055218.79,33462,Petrol,Automatic,1.6,9.1
Volkswagen Taigun,2010,162037.07,194550,Diesel,Manual,2.0,11.0
Honda City,2013,215176.74,181004,Diesel,Manual,1.9,13.2
Mercedes-Benz GLE,2009,423094.36,279607,Diesel,Manual,2.9,13.1
Honda Accord,2016,183350.9,115977 KM,Diesel,Manual,1.0,13.4
Audi A4,2019,2151386.46,83548,  Diesel ,Manual,2.5,14.8
BMW 3 Series,2021,2365113.07,56993,Diesel,Manual,2.2,13.3
Ford Endeavour,2023,1328140.15,14305,Petrol,Automatic,1.6,12.2
Volkswagen Tiguan,2017,444622.09,43644,Diesel,Automatic,1.6,17.5
Tata Nexon,2017,286233.69,142003,Diesel,Automatic,1.6,19.1
Mercedes-Benz GLC,2024,6830918.79,10039,Petrol,Automatic,3.7,7.7
Audi A4,2015,1317336.0,99503,Diesel,Automatic,2.7,15.6
Tata Nexon,2008,120000.0,396421,Petrol,Manual,1.7,10.3
Hyundai Verna,2022,618191.38,51184,Diesel,Manual,1.4,14.3
Ford Endeavour,2016,717720.2,115525,Petrol,Manual,2.9,8.4
Mercedes-Benz E-Class,2018,2073223.06,109956,Petrol,Manual,3.5,9.8
Maruti Suzuki Dzire,2013,120000.0,139051,Diesel,Manual,1.6,14.6
Volkswagen Vento,2018,355945.7,155094,Petrol,Manual,1.5,13.6
Ford EcoSport,2023,2206272.57,34422,Petrol,Automatic,3.5,9.1
Ford Mustang,2009,187788.16,278408,Petrol,Automatic,2.4,12.4
Mercedes-Benz E-Class,2011,737614.69,177359,Petrol,Manual,3.7,8.4
Audi Q5,2022,3201679.41,47546,Hybrid,Automatic,2.2,27.4
Mercedes-Benz GLC,2011,672961.71,77375,Petrol,Manual,3.0,8.1
Toyota Corolla,2024,1135460.72,16957,Diesel,Manual,1.8,17.4
Maruti Suzuki Brezza,2012,120000.0,108142,Petrol,Manual,1.6,13.2
Hyundai Tucson,2012,156579.92,152999,Petrol,Automatic,1.4,11.2
Tata Safari,2020,608244.78,78781,Diesel,Automatic,2.1,10.3
Ford Fiesta,2017,888502.02,114472,Diesel,Automatic,2.8,15.2
Mercedes-Benz C-Class,2019,1449710.0,70534,Petrol,Automatic,1.6,10.5
Ford EcoSport,2010,319207.59,166727,Petrol,Automatic,2.6,12.1
Maruti Suzuki Baleno,2016,159373.16,127650,Petrol,Automatic,1.4,11.8
BMW 1 Series,2010,390118.59,122396,Petrol,Automatic,1.6,13.0
Volkswagen Polo,2018,607808.95,169862,Diesel,Automatic,2.0,13.4
Hyundai Tucson,2021,496494.83,71898,Diesel,Manual,1.4,16.3
Maruti Suzuki Swift,2022,818027.85,41889,Electric,Manual,0.0,201.2
BMW 3 Series,2014,703460.57,98471,Petrol,Manual,2.2,13.7
Hyundai Tucson,2013,328454.96,130366,Electric,Manual,0.0,173.4
Toyota RAV4,2016,432445.55,174710 KM,Hybrid,Manual,1.9,20.4
Maruti Suzuki Dzire,2021,287818.86,54196,Diesel,Manual,1.3,19.3
Toyota Camry,2016,315860.62,134941,Petrol,Manual,1.7,14.1
Audi A6,2021,3371478.64,64435,Electric,Automatic,0.0,174.9
Mercedes-Benz GLE,2022,3482752.25,65534,Petrol,Manual,3.2,6.0
Tata Harrier,2011,120000.0,211826,Petrol,Manual,1.3,6.7
BMW 5 Series,2008,426106.78,159043,Petrol,Manual,2.9,10.4
Mercedes-Benz E-Class,2016,752187.29,150414,Petrol,Manual,1.6,13.5
Honda Accord,2016,352672.62,110675,Diesel,Automatic,1.3,15.2
Volkswagen Virtus,2015,278416.91,98547,Petrol,Automatic,1.5,11.7
Tata Altroz,2011,120000.0,208095,Petrol,Automatic,1.4,14.0
Maruti Suzuki Brezza,2014,120000.0,121199,Petrol,Manual,1.5,13.8
Toyota Corolla,2022,533777.54,51571,Petrol,Manual,1.1,12.1
Maruti Suzuki Brezza,2009,120000.0,"91,639 km",Petrol,Manual,2.1,8.2
BMW 3 Series,2019,1767445.59,113574,Petrol,Manual,2.8,8.8
Volkswagen Virtus,2022,886890.25,53871,Diesel,Automatic,1.7,15.3
BMW X3,2012,835038.37,132642 KM,Diesel,Automatic,2.7,14.2
Tata Punch,2017,255760.0,59157,Petrol,Manual,1.4,16.7
Toyota RAV4,2020,891356.94,87142,Petrol,Manual,2.1,11.6
Mercedes-Benz GLC,2018,1606671.08,72312 KM,Diesel,Automatic,2.1,15.9
Hyundai Venue,2008,120000.0,244528,Diesel,Automatic,1.8,14.6
Audi A4,2015,855241.64,78062,Petrol,Manual,1.9,13.7
Honda City,2013,291514.59,122038,Petrol,Automatic,1.9,13.5
Ford Fiesta,2021,1571205.9,30652,Petrol,Automatic,2.4,7.2
BMW X3,2010,455469.22,136019,Diesel,Automatic,2.1,13.7
Ford EcoSport,2021,1595049.02,51887,Electric,Manual,0.0,181.8
Volkswagen Vento,2016,246671.82,100306,Diesel,Manual,1.2,13.8
Ford Mustang,2024,2189031.46,24142,Petrol,Automatic,2.8,12.4
Maruti Suzuki Swift,2024,658574.92,28131,Diesel,Manual,2.0,15.6
Audi Q3,2021,1392810.52,62246,Petrol,Manual,2.3,12.7
Volkswagen Virtus,2018,515380.05,117490,Diesel,Manual,1.7,12.1
Ford EcoSport,2024,2140320.55,18710,Diesel,Automatic,2.2,12.7
Hyundai Verna,2023,1200299.26,54873,Electric,Manual,0.0,132.7
Ford EcoSport,2016,786540.91,113140,Diesel,Manual,3.2,10.1
Tata Altroz,2024,1010006.85,35827,Petrol,Automatic,,12.0
Tata Safari,2011,120000.0,183574,Diesel,Manual,1.0,15.3
Hyundai Creta,2024,759950.8,9861,Petrol,Manual,1.3,10.8
Tata Nexon,2018,349190.58,58624,Diesel,Manual,1.8,14.8
Volkswagen Taigun,2010,120000.0,265255,Petrol,Manual,1.0,12.4
Volkswagen Polo,2022,526140.57,29307,CNG,Manual,1.4,24.2
Maruti Suzuki Swift,2022,421644.27,62352,Petrol,Manual,1.7,10.3
Toyota Fortuner,2021,505309.49,62250,Diesel,Automatic,1.0,18.2
BMW 5 Series,2023,3257565.75,31578,Petrol,Manual,2.7,11.1
Audi A3,2020,1896861.21,63958,Diesel,Manual,2.1,13.6
Honda CR-V,2021,594482.73,61917,Petrol,Manual,1.7,17.9
Ford Mustang,2008,160601.73,223061,Diesel,Manual,2.2,14.4
Ford Endeavour,2014,593057.8,74926,Electric,Manual,0.0,204.9
Honda Accord,2010,120000.0,215054,Diesel,Manual,1.4,13.4
Maruti Suzuki Ertiga,2021,362670.85,65031,Petrol,Manual,1.5,9.6
BMW 5 Series,2014,977460.52,123699,Diesel,Automatic,2.4,13.4
BMW 3 Series,2023,2784827.65,52126,Diesel,Automatic,2.1,13.9
Hyundai i20,2010,124925.76,279638,Petrol,Automatic,1.9,11.1
Volkswagen Tiguan,2019,352621.19,49365,Petrol,Manual,1.1,11.7
Maruti Suzuki Brezza,2011,120000.0,151507,  Petrol ,Manual,1.6,11.7
Volkswagen Virtus,2018,419772.08,60794,Petrol,Automatic,1.2,14.4
BMW X3,2008,489563.97,195076,Diesel,Automatic,2.7,10.9
Tata Altroz,2013,305565.02,184552,Electric,Automatic,0.0,150.2
Audi A3,2020,2499508.79,71421,Petrol,Manual,3.2,7.3
BMW 5 Series,2011,1001207.33,181909,CNG,Automatic,4.2,21.4
BMW 3 Series,2012,1001698.52,146376,Petrol,Manual,3.6,8.8
Hyundai Venue,2017,429725.0,115307,Petrol,Automatic,2.2,9.6
Tata Safari,2019,263880.63,70449,Petrol,Manual,1.1,15.2
Mercedes-Benz GLC,2008,543998.0,146088,Diesel,Manual,3.1,11.8
Mercedes-Benz E-Class,2017,1269782.0,169467,Petrol,Manual,2.5,9.7
Audi A4,2009,518602.37,209010,Diesel,Automatic,2.8,13.1
Mercedes-Benz A-Class,2019,1888546.01,77331,Diesel,Manual,2.9,15.0
Volkswagen Tiguan,2020,910565.04,56590,Hybrid,Manual,1.8,20.7
Audi A4,2018,2097545.02,"107,747 km",Petrol,Manual,3.5,7.3
BMW X3,2014,1040572.48,"111,582 km",Petrol,Manual,3.1,8.4
Tata Harrier,2008,120000.0,137620,Petrol,Manual,1.5,11.2
Mercedes-Benz A-Class,2022,2504815.56,56015,Diesel,Manual,1.9,11.9
Ford Focus,2013,633840.93,152365 KM,Petrol,Manual,3.9,7.2
Toyota Yaris,2023,793416.97,42364,Petrol,Manual,1.4,15.2
Toyota RAV4,2023,1094351.59,23863,Petrol,Automatic,1.8,16.2
BMW X3,2017,1144497.79,74444,Petrol,Manual,2.0,12.1
BMW 5 Series,2014,1240873.95,84471,Diesel,Automatic,2.8,14.0
Ford Endeavour,2023,1711175.69,43749,Petrol,Manual,2.6,11.0
Audi Q3,2013,1129761.27,142100,Petrol,Manual,3.1,6.4
Maruti Suzuki Dzire,2020,492597.82,63704,Petrol,Automatic,2.0,13.2
Audi Q5,2022,2152360.23,60477,Diesel,Manual,1.9,11.7
Mercedes-Benz E-Class,2019,1586856.98,56407,Diesel,Manual,,12.5
Volkswagen Virtus,2015,343398.73,67568,  Petrol ,Manual,1.9,11.4
Ford Mustang,2011,295565.12,131325,Petrol,Automatic,2.2,12.7
BMW 3 Series,2014,1158073.9,143089,Petrol,Manual,3.6,6.8
Ford Focus,2024,2262942.46,17313,Diesel,Automatic,2.4,13.7
Tata Punch,2013,280483.46,182900,Electric,Automatic,0.0,152.7
Honda Accord,2012,140063.34,115044,Petrol,Manual,1.4,13.6
Maruti Suzuki Dzire,2014,190454.9,193079 KM,Diesel,Automatic,2.0,14.4
BMW X5,2018,1344488.55,63335,Petrol,Manual,2.4,9.3
Audi A3,2008,558839.17,265636,Diesel,Automatic,3.3,12.4
Toyota Fortuner,2010,128428.78,139305,CNG,Manual,1.5,29.1
Hyundai i20  ,2018,398014.29,80414,Diesel,Automatic,1.5,14.1
Mercedes-Benz GLE,2015,1138356.17,111293 KM,Hybrid,Manual,2.2,20.8
Hyundai i20,2017,258956.99,152348,Petrol,Manual,1.5,12.9
Volkswagen Tiguan,2018,408903.33,123516,Petrol,Manual,1.5,13.8
Tata Harrier,2016,262481.88,90408,Petrol,Manual,1.8,14.3
Volkswagen Taigun,2013,172908.04,225037,Petrol,Manual,1.4,17.4
Ford Fiesta,2022,1300701.02,25056,Petrol,Manual,2.7,10.6
Volkswagen Virtus,2017,326144.57,146782 KM,Petrol,Automatic,1.2,16.3
Honda Amaze,2022,761563.33,51028,Petrol,Automatic,1.6,12.4
Hyundai Venue,2022,561914.36,44592,Petrol,Manual,1.5,13.4
Mercedes-Benz A-Class,2015,696613.15,152922,Diesel,Manual,1.8,16.9
Ford Mustang,2022,1545063.11,37937,Diesel,Manual,2.3,11.3
Toyota Yaris,2009,120000.0,158082,Petrol,Automatic,1.3,10.1
Honda Amaze,2016,232012.14,97602,Petrol,Manual,,10.7
Maruti Suzuki Ertiga,2013,120000.0,177025,Petrol,Automatic,1.2,11.6
Ford Focus,2017,797881.47,113216,Diesel,Manual,2.6,11.9
Mercedes-Benz C-Class,2017,891710.79,106020,Petrol,Manual,1.8,14.5
Honda Civic,2016,302795.15,98235,Petrol,Manual,1.5,13.6
Toyota Camry,2016,727049.37,92416,Electric,Automatic,,150.2
Ford Mustang,2014,424635.85,167865,Petrol,Automatic,2.1,12.4
Mercedes-Benz E-Class,2011,798804.37,93612,CNG,Automatic,2.5,18.7
Mercedes-Benz C-Class,2023,3192379.61,13362,CNG,Manual,2.2,22.6
Tata Harrier,2023,597122.43,17509,Petrol,Automatic,1.4,11.9
Honda CR-V,2016,265631.07,164946,Petrol,Automatic,1.4,15.6
Toyota RAV4,2021,536476.02,50956,Petrol,Manual,1.2,12.6
Mercedes-Benz A-Class,2024,3667386.04,22694,Diesel,Manual,2.0,13.8
Hyundai Tucson,2015,227312.84,112706,Petrol,Manual,1.4,12.7
Toyota RAV4,2024,1399034.37,19109,Petrol,Automatic,1.7,11.4
Tata Altroz,2018,245762.04,75234,Petrol,Manual,1.2,12.5
Tata Punch,2014,290874.86,202090 KM,Electric,Manual,0.0,147.0
Honda Accord,2009,120000.0,168683,Petrol,Manual,1.2,15.6
Ford Focus,2016,722393.47,88575,Petrol,Manual,3.1,7.6
Toyota RAV4,2013,171520.51,237851,  Hybrid ,Manual,1.2,16.2
Honda CR-V,2019,498885.83,66653,Petrol,Manual,1.9,7.0
Ford Focus,2011,292113.57,223948,Petrol,Automatic,2.6,11.7
Honda City,2008,120000.0,156472 KM,Petrol,Automatic,1.1,13.9
Toyota RAV4,2012,120000.0,171289,CNG,Manual,1.1,26.4
Volkswagen Polo,2016,382812.78,129587,Petrol,Automatic,1.6,8.0
Honda Amaze,2012,139386.76,271430,Diesel,Manual,1.5,15.7
BMW 1 Series,2018,1742779.72,111527,Petrol,Manual,3.1,9.4
Honda Civic,2011,122574.24,285302,Diesel,Manual,1.9,16.3
Honda City,2012,236347.34,"88,435 km",Diesel,Manual,1.7,17.0
BMW X3,2010,528243.38,265753,Diesel,Manual,3.2,9.0
Ford Focus,2008,212203.2,236884,Hybrid,Automatic,1.9,18.3
Tata Harrier,2013,171667.43,212065,Petrol,Automatic,1.9,13.3
Mercedes-Benz A-Class,2017,1271278.82,121359,Petrol,Manual,,12.6
Audi A4,2021,1693064.01,68723,Diesel,Manual,1.8,15.9
Toyota Camry,2015,252891.94,128782 KM,Diesel,Automatic,1.1,17.2
Audi Q5,2022,2886680.51,46977,Petrol,Automatic,2.0,10.1
Ford EcoSport,2024,1307145.59,22088,Petrol,Manual,1.8,11.1
Volkswagen Virtus,2016,420952.9,83940 KM,Diesel,Automatic,1.5,15.7
Mercedes-Benz C-Class,2009,248896.99,183557,Petrol,Manual,1.6,11.1
Hyundai i20,2022,684340.92,33073,Diesel,Automatic,1.3,16.1
Audi Q3,2016,1532454.88,84940,Electric,Manual,0.0,182.0
Maruti Suzuki Baleno,2024,795571.91,25819,CNG,Automatic,2.0,19.5
Honda CR-V,2013,155442.3,232017,Petrol,Manual,1.5,16.0
Mercedes-Benz E-Class,2009,449493.5,167622,Diesel,Automatic,2.0,17.0
Mercedes-Benz GLE,2011,509450.04,228116,Petrol,Automatic,2.3,7.4
Maruti Suzuki Ertiga,2008,120000.0,304382,Diesel,Manual,1.9,13.5
Toyota RAV4,2010,153252.73,159843,  Diesel ,Automatic,1.5,13.5
Honda City,2008,120000.0,346318,Electric,Manual,0.0,137.0
Ford Fiesta,2009,257468.27,"233,129 km",Hybrid,Manual,2.8,22.1
BMW 5 Series,2018,1140432.64,96420,Petrol,Automatic,1.7,12.3
Volkswagen Polo,2014,368009.39,163241,Diesel,Automatic,1.9,13.5
Audi Q3,2017,1286132.68,93249,Diesel,Manual,2.3,9.6
Maruti Suzuki Baleno,2021,371177.47,86957,Petrol,Manual,1.7,10.1
Tata Harrier,2011,146329.95,184176,CNG,Automatic,1.9,22.8
Toyota Corolla,2024,719440.18,17600,Petrol,Manual,1.1,12.8
Honda City,2011,176655.38,92581,Petrol,Automatic,1.5,14.8
Audi A6,2008,545310.39,163900,Petrol,Automatic,2.7,13.2
Honda Civic,2013,179836.16,144440,Diesel,Manual,1.3,15.8
Hyundai Creta,2016,403883.23,50936,Petrol,Automatic,1.9,13.1
Toyota RAV4,2009,120000.0,216193,Diesel,Manual,1.0,17.6
Toyota Fortuner,2014,238556.41,202471,Diesel,Manual,1.8,15.8
BMW 3 Series,2017,1541923.07,136652,Electric,Manual,0.0,173.4
Ford Endeavour,2024,2273895.06,11444,Hybrid,Automatic,,20.4
Ford EcoSport,2011,205789.38,253428,Diesel,Automatic,1.8,16.1
Maruti Suzuki Swift,2021,526881.29,69394,Diesel,Automatic,1.9,16.7
BMW 5 Series,2010,413881.07,253705,Petrol,Manual,2.6,10.0
Mercedes-Benz A-Class,2013,754141.23,137762,Petrol,Manual,2.1,14.4
BMW X5,2009,392971.72,296244,Petrol,Automatic,2.9,8.2
Ford Mustang,2008,229119.8,248558,Diesel,Automatic,3.1,11.4
Toyota Corolla,2024,1057295.09,13977,Petrol,Automatic,1.3,17.4
Tata Altroz,2020,334721.16,73651,Petrol,Manual,1.4,11.9
Toyota Corolla,2012,231491.46,199029,Diesel,Manual,1.8,13.9
Tata Nexon,2020,426119.98,64723,Petrol,Automatic,1.5,
Hyundai Venue,2013,388551.43,158593,Electric,Automatic,0.0,175.2
Toyota Fortuner,2018,399711.48,112168,Petrol,Manual,1.5,13.6
Honda Civic,2017,359674.12,151380,  Petrol ,Manual,1.6,15.3
Maruti Suzuki Dzire,2008,120000.0,196751 KM,,Automatic,1.8,16.8
Honda City,2013,173828.87,186123,Diesel,Automatic,1.2,17.9
Audi A4,2020,2624301.39,86224,Petrol,Automatic,3.1,8.6
Toyota Camry,2021,802886.66,46343,Diesel,Automatic,1.5,14.5
Ford Mustang,2024,1962107.48,10306,Diesel,Manual,2.3,
Mercedes-Benz A-Class,2015,980380.13,125548,Petrol,Manual,2.1,13.4
Toyota Yaris,2023,1091374.85,29921,Petrol,Automatic,1.5,12.5
Audi A6,2015,945072.41,144495,  Diesel ,Manual,2.4,10.8
Maruti Suzuki Ertiga,2017,156591.59,87318,Petrol,Automatic,1.2,12.8
BMW 1 Series,2020,2621257.98,76774,Diesel,Automatic,2.5,10.4
Toyota Fortuner,2023,693935.74,36884,Petrol,Manual,1.2,13.2
Toyota RAV4,2009,212741.42,250762,Electric,Manual,0.0,175.1
Tata Safari,2008,120000.0,196986 KM,Petrol,Automatic,,15.0
Tata Safari,2017,233571.03,122676,Petrol,Manual,1.4,13.6
Toyota Yaris,2009,120000.0,101810,Petrol,Manual,1.2,16.3
Toyota Camry,2008,128719.07,183622,Petrol,Manual,1.9,10.7
Volkswagen Virtus,2012,176492.77,128230,CNG,Manual,1.6,25.8
Honda Accord,2018,488307.03,90696,Diesel,Manual,1.7,12.5
BMW X5,2010,634330.49,146304,Petrol,Automatic,2.5,10.2
Audi A4,2023,2881218.97,"51,265 km",Petrol,Manual,2.5,9.1
Maruti Suzuki Dzire,2016,291476.51,51317,Petrol,Automatic,2.0,13.9
Ford Mustang,2009,248988.47,225466,  Petrol ,Automatic,2.6,11.1
BMW 5 Series,2021,2306350.48,63884 KM,Diesel,Manual,2.2,12.9
Audi A4,2010,486636.43,253666 KM,Electric,Manual,0.0,129.0
Hyundai Tucson,2024,950131.35,"32,078 km",Petrol,Manual,,14.8
Ford Fiesta  ,2009,219861.36,254280 KM,Diesel,Manual,2.7,9.4
Maruti Suzuki Brezza,2020,286197.99,105522,Diesel,Manual,1.5,14.8
Mercedes-Benz C-Class,2015,880816.0,92464,Petrol,Manual,1.8,11.6
Hyundai i20,2009,120000.0,261249,Diesel,Automatic,1.3,15.5
Audi A6,2009,387868.14,299913,Hybrid,Automatic,2.2,
Toyota Yaris,2018,552071.19,76252,Hybrid,Manual,1.5,23.8
Toyota Yaris  ,2009,154301.59,263356,Diesel,Automatic,1.7,13.3
Tata Nexon,2015,263329.44,75740,Petrol,Manual,1.8,15.3
Toyota Yaris,2017,829860.61,87172,Electric,Manual,0.0,153.2
Toyota Camry,2011,208088.2,114348,Petrol,Manual,2.1,12.9
Toyota Yaris,2014,290427.87,72323,Petrol,Manual,1.9,8.8
Honda Amaze,2012,142994.18,189264,Diesel,Manual,1.5,19.0
BMW 3 Series,2020,1327425.86,97503,Petrol,Manual,2.1,16.8
Toyota RAV4,2012,229709.49,153493,Diesel,Automatic,1.6,16.5
Honda Accord,2009,130464.98,150123,Diesel,Automatic,1.4,14.2
Honda City,2015,227772.67,133918,Petrol,Manual,1.5,13.1
Audi A4,2017,1353539.78,129738,Petrol,Automatic,2.6,12.8
Ford Mustang,2019,918126.63,90953,Petrol,Manual,2.8,8.6
Hyundai Venue,2023,916055.98,22218,Diesel,Automatic,1.8,13.4
Honda City,2023,502945.07,51574,Petrol,Manual,1.0,12.7
Volkswagen Tiguan  ,2009,120000.0,216524,Petrol,Manual,1.6,9.9
Ford Mustang,2024,1295442.49,24294,Petrol,Manual,1.8,9.0
Honda Accord,2015,305552.0,104922,Diesel,Manual,1.8,13.7
BMW 5 Series,2012,715417.77,87997,Petrol,Manual,2.8,12.6
Maruti Suzuki Ertiga,2018,296837.49,47331,Petrol,Automatic,1.9,10.3
Honda Amaze,2016,274921.08,97258,Petrol,Automatic,1.2,11.7
Mercedes-Benz C-Class,2016,1822036.35,135342,Petrol,Automatic,3.2,8.8
Maruti Suzuki Dzire,2022,381650.98,51028,CNG,Manual,1.7,26.8
Volkswagen Tiguan,2015,314828.58,88203,Petrol,Manual,1.8,14.2
Toyota Yaris,2010,120000.0,126639,Petrol,Manual,1.1,12.3
Hyundai i20,2008,120000.0,229706,Petrol,Manual,1.9,
Mercedes-Benz GLE  ,2014,725709.3,93344,Petrol,Manual,1.6,13.6
Mercedes-Benz E-Class,2021,2570986.07,"66,774 km",Diesel,Manual,2.5,10.8
Honda CR-V,2024,1248515.33,29053,Diesel,Manual,2.0,12.7
Honda City,2015,332327.59,133395,Petrol,Manual,2.0,14.7
Volkswagen Vento,2009,120000.0,156269,Petrol,Automatic,1.3,11.6
Maruti Suzuki Ertiga,2021,324514.47,65597,Diesel,Automatic,1.3,18.6
BMW 5 Series,2012,578251.15,137528,Petrol,Manual,2.2,11.3
Toyota RAV4,2013,259885.35,177007,Diesel,Automatic,1.6,13.2
Volkswagen Taigun,2018,515929.99,73879,Petrol,Manual,1.8,14.4
Tata Nexon,2018,435059.95,69095,Diesel,Automatic,1.9,15.0
Ford EcoSport,2023,1329585.19,21131,Petrol,Manual,2.0,11.9
Ford Mustang,2014,312021.45,151070 KM,Petrol,Manual,1.9,15.3
Honda Civic,2020,440311.32,55252,Petrol,Manual,1.4,14.2
Mercedes-Benz E-Class,2015,742418.52,166623,Petrol,Manual,1.9,15.5
Volkswagen Tiguan,2021,920698.45,40216,Hybrid,Manual,1.6,25.6
Audi Q5,2020,1753434.9,92790,  Diesel ,Automatic,1.8,11.1
Hyundai Verna,2021,747757.6,74053,Petrol,Automatic,1.7,13.4
Volkswagen Taigun,2014,515507.88,134126,Electric,Automatic,0.0,159.4
Honda City,2022,891851.08,68160,Petrol,Automatic,1.6,13.3
Toyota Fortuner,2019,563486.08,65147,Diesel,Manual,1.5,18.0
Hyundai Verna,2018,687627.73,77082,Hybrid,Automatic,1.9,20.6
Tata Harrier,2011,158422.06,205659,Diesel,Automatic,2.0,16.2
Hyundai i20,2011,123625.48,151814,Petrol,Automatic,1.2,12.9
Maruti Suzuki Dzire,2013,120000.0,178397,Petrol,Automatic,1.0,13.3
Ford Focus,2019,1100964.21,25777,Petrol,Automatic,2.3,9.1
Maruti Suzuki Brezza,2023,1068105.75,40434,Electric,Automatic,0.0,154.3
Tata Harrier,2014,264166.81,111043,Petrol,Automatic,2.0,10.8
Hyundai Verna,2009,120000.0,255436,Diesel,Automatic,1.3,13.4
Hyundai Tucson,2022,404146.55,63655,Diesel,Manual,1.0,15.0
Ford Fiesta,2013,531525.51,126826,Diesel,Manual,3.0,9.2
Hyundai i20,2011,120000.0,192464,Diesel,Manual,1.4,14.5
Toyota RAV4,2014,385401.56,3000,Petrol,Automatic,1.6,16.7
Audi A6,2018,1560684.84,89875,CNG,Manual,2.7,27.8
Volkswagen Polo,2017,478161.69,81335,Petrol,Automatic,1.5,10.3
Audi A3,2018,1569253.2,96672,Petrol,Manual,2.8,12.0
Mercedes-Benz C-Class,2023,2130093.51,39001,Diesel,Manual,1.6,15.4
Honda CR-V,2022,1038561.65,53987,Diesel,Automatic,2.1,14.5
Maruti Suzuki Brezza,2011,171247.56,212799,Electric,Automatic,0.0,150.7
Maruti Suzuki Baleno,2012,120000.0,202990,Hybrid,Automatic,1.4,24.9
Tata Safari,2013,174122.96,71396,Hybrid,Manual,1.3,27.9
Toyota Fortuner,2017,319848.5,130916,Diesel,Manual,1.3,17.0
Toyota Camry,2022,733472.62,68208,Diesel,Manual,1.5,14.7
Toyota Corolla,2021,616113.43,68224,Petrol,Manual,1.2,15.0
Audi A6,2017,1450796.45,98554,Petrol,Automatic,2.0,13.2
Tata Harrier,2012,120000.0,115266,Diesel,Manual,1.3,15.7
Maruti Suzuki Ertiga,2012,120000.0,"172,190 km",Petrol,Manual,1.4,12.2
Toyota Yaris,2022,926716.15,33079,Petrol,Automatic,1.7,11.0
Tata Punch,2014,148821.2,64482,CNG,Manual,1.5,23.5
BMW X5,2018,3416288.92,110236,Hybrid,Automatic,3.9,23.6
Tata Punch,2016,342504.84,76043,Diesel,Automatic,,13.4
Maruti Suzuki Baleno,2023,537232.72,46542,Petrol,Manual,1.9,13.0
Mercedes-Benz A-Class,2018,1364534.03,95142,Petrol,Automatic,1.6,14.9
Honda Civic,2009,120000.0,243463,Petrol,Manual,1.7,12.0
Hyundai Tucson,2023,837476.79,39303,Diesel,Manual,1.7,14.9
Maruti Suzuki Brezza,2014,120000.0,152831,Petrol,Automatic,1.0,
Mercedes-Benz E-Class,2012,587820.78,151185,Petrol,Manual,2.2,12.5
Toyota RAV4,2011,188215.18,241982,Diesel,Automatic,1.8,13.0
Audi Q5,2010,943441.1,179640,Petrol,Automatic,4.1,6.0
Maruti Suzuki Baleno  ,2023,441293.17,36228,Diesel,Manual,1.4,16.8
BMW 5 Series,2016,1636926.99,44932,Diesel,Manual,3.0,10.9
Mercedes-Benz C-Class,2020,2933654.62,51898,Petrol,Manual,3.0,14.1
Audi Q3,2023,3213801.04,"50,986 km",Diesel,Manual,2.3,14.3
Volkswagen Taigun,2023,1439387.42,25901,Electric,Manual,0.0,195.7
Volkswagen Virtus  ,2008,122692.45,92478,Petrol,Manual,1.7,6.9
Toyota Camry,2010,136127.06,221164 KM,Petrol,Manual,1.6,12.5
Ford Mustang,2017,395871.37,122319,Petrol,Manual,1.6,12.0
Ford Mustang,2018,871321.83,104311,Diesel,Manual,2.4,13.8
Audi Q5,2017,1319255.6,103020,Diesel,Automatic,2.1,11.7
Audi A3,2013,940983.15,90212 KM,Diesel,Manual,2.8,12.8
Maruti Suzuki Brezza,2016,181718.68,91048,Petrol,Manual,1.7,15.2
Tata Altroz,2019,331355.25,25615,Petrol,Manual,1.5,11.1
Maruti Suzuki Brezza,2012,120000.0,105878,CNG,Automatic,1.4,24.7
Honda CR-V,2011,162089.98,234266,Diesel,Manual,2.0,13.4
Maruti Suzuki Ertiga,2024,583538.68,10051,Petrol,Manual,1.7,12.1
Ford Endeavour,2023,2376151.68,48228,Diesel,Manual,3.5,9.2
BMW 3 Series,2023,3616019.34,22002,Petrol,Automatic,2.6,11.2
Honda Civic,2011,133846.0,147187,Diesel,Manual,1.4,13.6
Maruti Suzuki Brezza,2013,141306.17,83916,Petrol,Automatic,1.5,12.9
Audi Q3,2015,1348735.85,156312,Electric,Manual,0.0,180.0
Toyota Yaris,2012,229692.62,142784,Petrol,Automatic,1.6,14.7
Mercedes-Benz C-Class,2023,3037546.39,30743,Diesel,Manual,2.2,12.2
Hyundai Tucson,2021,807025.7,105766,Electric,Manual,0.0,138.6
Toyota Fortuner,2023,1157771.24,25174,Petrol,Automatic,1.7,12.9
Honda Amaze,2019,509476.52,39735,,Manual,1.5,15.7
Tata Punch,2015,131363.95,200991,Diesel,Manual,,14.1
Audi A6,2009,476548.96,245460,Petrol,Automatic,2.6,11.1
Mercedes-Benz A-Class,2021,2511240.15,66562,Diesel,Automatic,2.2,16.2
Tata Nexon,2022,518016.63,40288,Petrol,Manual,1.6,14.6
Mercedes-Benz C-Class,2022,3710727.92,36067,Diesel,Manual,3.3,10.5
Honda City,2016,266958.63,112005,Petrol,Automatic,1.2,15.3
Volkswagen Vento,2022,926792.44,47747,Petrol,Automatic,1.5,14.0
Hyundai Venue,2016,377062.14,168364,Diesel,Manual,2.4,13.6
Maruti Suzuki Brezza,2022,571170.58,22202,Petrol,Automatic,1.7,11.1
Toyota RAV4,2011,234395.65,216893,Petrol,Automatic,2.0,12.7
Hyundai Verna,2024,648630.83,23219,Petrol,Manual,1.2,17.5
Volkswagen Taigun,2019,399680.33,"92,518 km",Petrol,Manual,1.5,15.9
Toyota Corolla,2024,1105370.13,22065,Petrol,Automatic,1.6,14.7
Volkswagen Taigun,2018,987796.98,48908,Electric,Manual,0.0,175.1
Toyota Yaris,2020,664720.6,43426,Diesel,Manual,1.5,
Volkswagen Polo,2022,736069.55,43775,Diesel,Manual,1.3,18.9
BMW 5 Series,2021,1692607.41,36007 KM,Diesel,Manual,1.8,12.4
Volkswagen Virtus,2018,665809.67,111809,  Hybrid ,Manual,2.1,24.5
Volkswagen Vento,2012,120286.98,217329,Diesel,Manual,1.2,15.4
Ford Focus,2020,1378858.17,69142,Petrol,Automatic,2.8,10.1
Hyundai i20,2020,277459.41,74124,Petrol,Automatic,1.0,15.1
Tata Punch,2024,669746.32,34750,Petrol,Manual,1.8,11.5
Mercedes-Benz A-Class,2017,1008214.09,180357,Petrol,Manual,1.9,16.6
BMW 3 Series,2015,1156620.06,190056,Petrol,Automatic,3.0,10.9
Honda City,2024,1101742.53,27908,Petrol,Manual,1.8,11.3
Maruti Suzuki Ertiga,2020,234190.02,72328,Diesel,Automatic,1.1,14.3
Ford EcoSport  ,2012,561460.64,162247,Petrol,Automatic,3.2,12.2
Ford Focus,2010,364330.83,234988,Hybrid,Manual,3.1,26.2
Honda Amaze,2020,450250.52,88371,Petrol,Manual,1.4,9.2
BMW X5,2015,958620.65,90309,Petrol,Automatic,2.0,11.5
Tata Safari,2014,385031.1,"66,271 km",Electric,Automatic,0.0,167.6
Hyundai Venue,2008,120000.0,186912,Diesel,Manual,1.9,12.7
Maruti Suzuki Dzire,2019,219819.58,"33,124 km",Diesel,Manual,,18.7
Ford EcoSport,2014,501298.35,86562,Diesel,Automatic,2.7,14.3
Tata Harrier,2021,459899.11,"50,071 km",Petrol,Automatic,1.4,11.8
Volkswagen Vento,2017,327015.09,86662,Diesel,Manual,1.5,14.4
Maruti Suzuki Ertiga,2019,288712.28,66906 KM,Diesel,Manual,1.4,16.9
Volkswagen Tiguan,2022,810110.22,53052,Diesel,Manual,,15.7
Hyundai Tucson,2012,173830.75,151203,Petrol,Manual,1.7,10.7
Ford Endeavour,2016,750853.52,72527,Electric,Manual,0.0,190.1
BMW 1 Series,2019,1567985.26,119989,Diesel,Automatic,2.2,12.4
Maruti Suzuki Swift,2015,180312.76,108399,Petrol,Automatic,1.6,14.5
Volkswagen Taigun,2009,120000.0,252226,CNG,Manual,1.6,24.7
Mercedes-Benz GLC,2019,1498038.07,100800,CNG,Manual,2.1,23.2
Hyundai Tucson,2022,607481.22,63381,Diesel,Automatic,1.5,15.7
Volkswagen Virtus,2024,835386.96,19087,Petrol,Automatic,1.0,15.5
Tata Safari,2017,198595.8,92533,Diesel,Automatic,1.0,16.2
Volkswagen Polo,2015,321635.53,139900,Petrol,Automatic,1.8,12.2
Audi A3,2008,483511.28,201170,Diesel,Manual,,10.5
Maruti Suzuki Dzire,2019,296514.16,66125 KM,Diesel,Automatic,1.6,15.0
Volkswagen Tiguan,2009,131885.58,196400,Petrol,Manual,1.7,12.4
Hyundai Creta,2013,133125.74,195532,Petrol,Automatic,1.1,14.6
Hyundai Creta,2017,288031.63,60654,Diesel,Manual,1.2,20.1
Toyota Yaris,2021,678966.39,90094,Petrol,Manual,1.7,14.2
Ford EcoSport,2012,273880.51,189347,Diesel,Manual,2.1,17.3
Hyundai Creta,2016,295115.2,129387,Diesel,Automatic,1.7,16.3
Tata Punch,2008,120000.0,203622,Diesel,Automatic,1.0,15.5
BMW 5 Series,2016,1049870.61,128438,,Manual,2.2,10.6
Ford Focus,2008,133966.79,254601,CNG,Automatic,1.9,22.4
Tata Safari,2019,333876.23,96227,CNG,Manual,1.8,24.0
Tata Altroz,2014,198194.93,166403,Petrol,Manual,1.9,14.7
Audi Q3,2009,223176.29,258390,Petrol,Manual,1.6,10.5
BMW X5,2019,2223847.72,79581,CNG,Automatic,2.9,22.3
Volkswagen Vento,2013,149333.43,220544,Diesel,Manual,1.3,15.7
Mercedes-Benz GLC,2019,1376826.86,67442 KM,Diesel,Manual,1.6,14.2
BMW 3 Series,2020,1789499.87,45310,Diesel,Automatic,1.6,19.2
Tata Harrier,2015,212855.79,108469,Petrol,Manual,1.8,10.6
Hyundai Tucson,2017,222762.98,166888,Petrol,Manual,1.5,12.3
Hyundai Venue,2019,293218.02,104098,Diesel,Automatic,1.0,13.5
BMW 3 Series,2011,652049.92,139921,Petrol,Manual,2.7,7.1
Honda City,2015,422402.26,68198,Diesel,Manual,2.1,12.0
Hyundai i20,2009,131146.66,194118,Petrol,Automatic,2.0,10.1
Ford EcoSport,2011,308817.78,68768,Petrol,Manual,2.5,11.7
Maruti Suzuki Baleno,2015,191104.86,85573,Petrol,Automatic,1.7,10.1
BMW 1 Series,2011,511770.01,169731,Diesel,Manual,2.1,13.7
BMW 3 Series,2015,1119182.68,174074,Petrol,Manual,3.1,12.1
Tata Safari,2022,565531.96,72223,Diesel,Manual,1.6,16.6
BMW X5,2016,1373583.51,144386,Diesel,Automatic,2.9,9.5
Toyota Camry,2013,271311.82,188609,Hybrid,Manual,1.7,22.7
BMW 5 Series,2008,348832.77,234154,Diesel,Automatic,2.2,16.6
Mercedes-Benz E-Class,2009,606957.91,196927,Petrol,Automatic,3.3,11.3
Toyota Camry,2018,987952.56,49247,Electric,Manual,0.0,199.3
BMW X5,2022,3638269.89,54463,Electric,Automatic,0.0,131.6
Honda Amaze,2022,874988.21,79594,Diesel,Automatic,1.5,17.5
Ford Endeavour,2019,610336.83,97277 KM,Petrol,Automatic,1.6,19.5
Hyundai Verna,2021,470369.2,79489,Diesel,Automatic,1.2,16.7
Audi A6,2011,739302.86,"93,928 km",Petrol,Manual,2.7,6.3
BMW 1 Series,2023,2995631.58,33649,Petrol,Manual,2.3,13.8
BMW X3,2022,2287187.38,72156,CNG,Manual,2.0,22.3
Mercedes-Benz GLE,2021,3429002.93,55623 KM,Electric,Manual,0.0,157.9
Hyundai Verna,2016,330260.54,123536,Diesel,Manual,1.7,14.8
BMW X3,2016,1003834.78,126127,,Manual,1.9,17.5
Audi A3,2018,1658439.24,109610,Electric,Manual,0.0,182.6
Audi A4,2009,436940.36,310401 KM,Electric,Automatic,,182.8
Honda CR-V,2022,1522987.17,24329,Electric,Manual,0.0,169.9
Audi A3,2012,913478.37,105724,Petrol,Automatic,3.1,10.2
Toyota Corolla,2017,270935.6,134540,CNG,Manual,1.3,28.0
Volkswagen Vento,2013,263754.75,162764,Petrol,Manual,2.0,14.0
Hyundai Verna,2008,146163.49,195585,Electric,Manual,0.0,169.1
BMW 5 Series,2015,833828.18,153368,Petrol,Automatic,2.0,9.5
Ford Focus,2014,586759.14,118584,CNG,Automatic,2.9,29.4
Maruti Suzuki Baleno,2024,753745.73,3000,Diesel,Manual,2.1,12.5
Toyota Corolla  ,2016,567543.98,177524,Electric,Manual,0.0,162.3
Tata Nexon,2017,479560.18,147066,Electric,Manual,0.0,167.2
Audi Q3,2021,2345621.07,52033,Petrol,Manual,2.3,10.4
Toyota Camry,2015,388295.91,64548,Petrol,Manual,1.7,11.1
Toyota Corolla,2015,534077.19,129750,Electric,Manual,0.0,123.3
Tata Altroz,2024,1269789.82,23959,Electric,Manual,0.0,168.6
Honda CR-V,2013,151423.99,119143,Petrol,Manual,1.4,13.1
Ford Fiesta,2013,408988.17,"144,401 km",Diesel,Automatic,2.1,12.8
BMW 3 Series,2008,314986.15,189654,Diesel,Manual,2.0,13.8
Audi A3,2016,1119636.28,163272,Petrol,Automatic,2.3,9.8
Audi A6,2017,1194412.89,115980,Petrol,Manual,2.0,9.8
Audi Q5,2016,758852.41,158186,Diesel,Automatic,1.6,15.2
Mercedes-Benz GLC,2021,2678664.76,71572,Diesel,Automatic,2.1,13.4
BMW 1 Series,2021,2306393.08,72934 KM,Diesel,Manual,2.4,13.0
Mercedes-Benz C-Class,2021,2500111.23,57783,Petrol,Manual,2.4,9.5
Volkswagen Tiguan,2018,418964.87,92112,Petrol,Manual,1.7,15.3
Mercedes-Benz A-Class,2023,4618328.72,"22,906 km",Electric,Automatic,0.0,185.3
Toyota Yaris,2021,889304.49,44359,Petrol,Manual,1.9,9.7
Mercedes-Benz C-Class,2018,2067233.19,38850,CNG,Automatic,2.6,25.2
Audi A3,2024,5013369.21,10543,Petrol,Automatic,2.5,9.7
Audi A3,2020,1679781.65,74694,  Petrol ,Manual,2.2,13.2
Honda Civic,2014,267389.35,99235,Petrol,Automatic,1.6,13.1
Tata Nexon,2010,120000.0,164139,Petrol,Manual,1.8,11.8
Mercedes-Benz A-Class,2018,2234797.96,67518,Petrol,Automatic,2.8,11.1
Tata Punch,2018,474056.11,90861,Diesel,Automatic,1.9,16.4
Tata Safari,2010,120000.0,195437,Hybrid,Manual,1.1,23.4
Audi A3,2023,4421060.11,19656,Petrol,Automatic,3.0,8.0
Volkswagen Vento,2022,1253316.13,31470,Petrol,Automatic,1.9,12.1
Honda CR-V,2019,703061.62,93870,Hybrid,Automatic,2.0,23.2
Maruti Suzuki Ertiga,2010,120000.0,156237,Petrol,Automatic,1.6,14.0
Toyota RAV4,2024,1472266.45,23447,Petrol,Manual,2.2,11.4
Hyundai Tucson  ,2020,660718.25,74893,Diesel,Automatic,1.9,14.4
BMW 1 Series,2016,1175426.95,138753,Petrol,Manual,2.7,11.9
Ford EcoSport,2012,395580.83,90150,CNG,Automatic,2.9,23.4
Volkswagen Tiguan,2011,155837.38,58897,Petrol,Automatic,1.1,11.5
Hyundai Venue,2022,467143.2,48976,Petrol,Manual,1.0,11.2
Ford Endeavour,2012,556126.99,136249,Petrol,Manual,3.6,
Volkswagen Tiguan,2022,1666767.64,56125,Electric,Automatic,0.0,171.1
Maruti Suzuki Baleno,2008,120000.0,204825,Petrol,Automatic,1.3,13.3
Honda City,2008,120000.0,196302,,Manual,,13.4
Mercedes-Benz C-Class,2018,2099099.72,118509,Petrol,Manual,3.8,6.0
Mercedes-Benz A-Class,2013,860975.61,154546,Diesel,Manual,2.5,17.9
Volkswagen Vento,2019,645843.21,"66,389 km",Diesel,Automatic,1.5,
Tata Safari,2023,1061627.66,51388,Electric,Manual,0.0,141.2
Hyundai Venue,2019,424289.5,93120,Hybrid,Manual,1.3,24.2
BMW X5,2014,779391.0,116860,Petrol,Manual,2.4,14.0
Volkswagen Tiguan,2023,698826.26,41614,Diesel,Manual,1.3,14.5
Volkswagen Polo,2015,276054.77,135654,Diesel,Automatic,1.4,15.3
BMW 3 Series,2021,3960302.92,58503,Hybrid,Manual,3.4,23.7
Maruti Suzuki Baleno,2015,137620.18,83228,Petrol,Manual,1.5,17.0
Tata Harrier,2010,120000.0,268265,Hybrid,Manual,1.5,24.7
Audi A3,2021,1696484.07,77533,Petrol,Automatic,1.6,
Ford Focus,2013,337039.29,147143,Diesel,Manual,2.0,12.6
Mercedes-Benz E-Class,2016,1559650.45,54620,Petrol,Automatic,2.8,10.4
Toyota Fortuner,2020,508919.65,69572,Petrol,Manual,1.3,13.8
Ford EcoSport,2021,1475414.15,54990,CNG,Automatic,3.0,20.1
Honda CR-V,2008,120000.0,179565 KM,Diesel,Automatic,1.2,16.7
Hyundai Creta,2021,770919.59,62933,Petrol,Automatic,1.8,12.3
Hyundai Creta,2018,382197.29,117289,Diesel,Automatic,1.4,13.4
Hyundai Creta,2014,187426.1,182510,Petrol,Automatic,1.5,15.4
Hyundai i20,2009,120000.0,169545,Diesel,Manual,1.4,16.7
Audi A6,2010,548570.24,247684,Petrol,Manual,3.3,8.8
Toyota Corolla,2016,524897.1,39957,Diesel,Automatic,1.9,12.9
Tata Safari,2010,120000.0,192424,Petrol,Automatic,1.4,16.7
Maruti Suzuki Baleno,2021,797802.27,57385,Electric,Automatic,0.0,155.7
Ford EcoSport,2024,3024849.08,23304,Hybrid,Automatic,2.8,18.3
Mercedes-Benz GLE,2017,1707765.91,"52,210 km",Petrol,Manual,2.8,9.7
Honda City,2014,428430.72,123882,Diesel,Automatic,2.3,13.3
Maruti Suzuki Baleno,2021,395987.81,70586,Petrol,Automatic,1.8,11.4
BMW X3,2009,318011.75,231261,Petrol,Automatic,2.1,7.0
Honda CR-V  ,2021,405268.81,29265,Diesel,Manual,1.0,14.1
Volkswagen Virtus,2018,559124.86,123096,Diesel,Automatic,1.8,14.1
Volkswagen Polo,2024,1003324.39,43583,Petrol,Automatic,1.3,13.2
Volkswagen Virtus,2012,176746.23,193812,Petrol,Manual,1.7,18.0
Maruti Suzuki Dzire,2014,120000.0,141731,Petrol,Manual,1.3,14.3
Audi A3,2010,1068204.36,113564,Hybrid,Automatic,3.6,19.2
Tata Harrier,2016,150193.22,153655,Diesel,Manual,1.0,18.1
Ford Fiesta,2015,696143.29,120615,Electric,Manual,0.0,180.1
Audi A6,2014,666264.92,125144,CNG,Manual,2.0,26.8
Tata Altroz,2020,293641.68,87155,Petrol,Automatic,1.1,12.7
Hyundai Tucson,2016,153903.39,98319,Diesel,Manual,1.1,15.9
Volkswagen Polo,2014,357540.6,67311,Petrol,Automatic,1.7,11.0
Maruti Suzuki Dzire,2024,826899.54,20946,Hybrid,Manual,1.9,19.9
Maruti Suzuki Ertiga,2023,459599.95,25802 KM,Hybrid,Manual,1.3,25.8
Honda CR-V,2024,843714.82,33891,Hybrid,Automatic,1.1,21.0
Tata Harrier,2021,442323.72,57030,,Manual,1.7,11.0
Hyundai i20,2014,137187.34,"152,145 km",Petrol,Automatic,1.0,14.3
Ford Mustang,2012,331265.94,113066 KM,Petrol,Manual,2.3,12.6
Maruti Suzuki Swift,2009,120000.0,168333,Diesel,Automatic,1.1,12.7
Audi Q3,2008,274094.7,175467,Petrol,Manual,1.9,12.4
Ford Mustang,2012,327331.77,234633,Hybrid,Manual,2.5,21.2
BMW 3 Series,2012,1023310.31,82395,Petrol,Manual,3.5,6.8
BMW 3 Series,2021,1952174.62,50665,Diesel,Manual,2.0,15.2
Volkswagen Tiguan,2016,360241.94,61953,Diesel,Manual,1.5,15.0
Mercedes-Benz GLC,2011,759592.44,144085,Petrol,Automatic,2.9,9.0
Honda Civic,2015,313463.71,125206,Diesel,Manual,1.8,12.4
Maruti Suzuki Swift,2021,354011.66,14359,Diesel,Manual,1.5,11.9
Maruti Suzuki Ertiga,2017,260429.82,76951 KM,Petrol,Manual,2.1,10.1
Audi A3,2017,1449977.74,100032 KM,Petrol,Manual,2.7,13.8
Hyundai Tucson,2013,190080.77,173993 KM,Diesel,Automatic,1.7,17.9
Audi A3,2010,653218.52,212837,Diesel,Automatic,2.7,13.1
Maruti Suzuki Swift,2009,120000.0,335919,Petrol,Manual,1.0,15.3
Mercedes-Benz GLC,2011,453718.21,209069,Petrol,Manual,2.0,10.0
Toyota Camry,2008,120000.0,190050,Diesel,Automatic,1.4,16.2
Hyundai Creta,2020,420403.0,70409,Petrol,Manual,1.4,
Tata Harrier,2009,120000.0,261289,Petrol,Manual,1.5,12.7
Mercedes-Benz C-Class,2013,896694.2,164093,Diesel,Automatic,2.5,15.3
Honda Accord,2015,303975.66,110039,Petrol,Automatic,1.7,13.5
Honda CR-V,2019,1136458.77,47045,Electric,Automatic,0.0,158.5
Tata Nexon,2012,120000.0,209225,Petrol,Manual,1.7,13.6
Audi Q3,2013,598787.88,96646,Petrol,Automatic,2.0,7.9
Maruti Suzuki Baleno,2017,196753.44,119769,Petrol,Manual,1.7,12.3
Hyundai Tucson,2011,120000.0,204960,Petrol,Automatic,1.2,13.1
Tata Harrier,2024,872669.2,25977,Petrol,Automatic,1.8,14.1
Hyundai i20,2012,190134.11,94261,Petrol,Manual,1.8,9.7
Mercedes-Benz GLC,2019,1839981.79,79974,Diesel,Automatic,1.8,11.0
Hyundai Tucson,2014,210728.76,123519,Diesel,Automatic,,14.0
Volkswagen Vento,2017,439097.04,69172,Diesel,Manual,1.8,11.1
Mercedes-Benz GLC,2014,563250.46,157992,Petrol,Manual,1.6,11.0
Mercedes-Benz E-Class  ,2017,1854716.43,169837,Electric,Automatic,0.0,150.5
Maruti Suzuki Brezza,2014,120000.0,188892,Diesel,Manual,1.3,18.2
Mercedes-Benz E-Class,2011,481155.19,181550,Petrol,Automatic,1.7,16.1
Maruti Suzuki Swift,2016,199421.41,133578,Diesel,Manual,1.8,12.9
Mercedes-Benz C-Class,2018,1171605.51,135249,Diesel,Manual,2.0,15.4
Volkswagen Polo,2013,249059.54,169905,Petrol,Automatic,1.7,13.1
BMW 1 Series,2011,534269.9,262802,Petrol,Manual,2.8,8.7
Volkswagen Vento,2016,404373.29,83420,Petrol,Manual,1.9,13.3
Ford Mustang,2019,1125396.86,96353,Diesel,Automatic,2.7,13.8
Audi A3,2013,1046822.93,124742,Electric,Manual,0.0,169.1
BMW 3 Series,2012,686115.06,92252,Petrol,Automatic,2.3,9.1
Volkswagen Tiguan,2023,617810.37,17165,Diesel,Manual,1.2,14.4
Mercedes-Benz E-Class,2019,1709048.36,56864,Petrol,Manual,2.1,11.4
Honda CR-V,2023,649894.9,26523,Petrol,Manual,1.3,17.0
Ford Fiesta,2022,1533746.43,49200,Petrol,Manual,2.5,13.2
Honda Accord,2013,120000.0,162337,Diesel,Manual,1.0,14.0
Mercedes-Benz GLE,2020,2271219.23,59182,Hybrid,Manual,2.0,25.7
Hyundai Creta,2023,810569.13,38768,Diesel,Automatic,1.4,19.6
Volkswagen Taigun,2014,292353.93,125368,Diesel,Automatic,1.6,17.4
Hyundai Tucson,2016,291107.98,165446,Petrol,Automatic,1.7,12.9
Ford EcoSport,2009,177809.67,201000,Diesel,Automatic,1.8,16.4
Audi A6,2008,300184.68,246103,Petrol,Manual,2.4,10.2
Mercedes-Benz GLE,2022,2706710.78,66686,Diesel,Automatic,1.9,15.6
Hyundai Creta,2024,567650.49,22706,Petrol,Automatic,1.0,16.1
Mercedes-Benz C-Class,2024,3929691.83,20078,Petrol,Manual,2.7,12.0
Hyundai i20,2018,438335.84,117170,Petrol,Manual,2.0,13.2
Tata Altroz,2008,120000.0,217542,CNG,Manual,1.2,27.8
Honda Accord,2022,742064.54,48382,Hybrid,Manual,1.4,18.6
BMW 1 Series,2022,2904819.72,56663,Diesel,Manual,3.1,14.8
Mercedes-Benz C-Class,2021,2729202.27,26303 KM,Diesel,Manual,2.2,12.5
Hyundai Creta,2008,120000.0,278659,Petrol,Manual,1.8,9.6
Volkswagen Polo,2017,391764.0,98827,Diesel,Manual,1.7,12.0
Toyota Yaris,2016,524345.78,143646,Diesel,Automatic,2.0,13.9
Volkswagen Polo,2021,714442.77,79553,Petrol,Manual,1.8,11.4
Audi A4,2012,777236.04,165348,Diesel,Automatic,2.7,10.8
Ford Fiesta,2024,1666543.34,11787,CNG,Manual,2.4,21.8
Ford Mustang,2024,1780097.47,30013,Diesel,Manual,2.7,14.4
Toyota RAV4,2021,636465.05,73254,Diesel,Manual,1.5,12.8
Toyota RAV4,2018,894396.19,54768,Electric,Automatic,0.0,175.8
Honda Accord,2024,993067.92,34325,Diesel,Manual,1.5,12.7
BMW 5 Series,2014,798642.71,151749,Electric,Manual,0.0,172.5
Ford Fiesta,2022,1690028.55,43131,Petrol,Automatic,2.9,13.0
Hyundai Verna,2013,146279.53,142371,CNG,Manual,1.6,24.2
Tata Punch,2014,266064.37,133000,Diesel,Automatic,1.9,14.7
Volkswagen Taigun,2016,319873.0,125912,  Petrol ,Manual,1.7,13.3
Tata Altroz,2021,465115.7,39706,Petrol,Manual,1.8,9.6
Toyota Fortuner,2015,244132.97,133235,Hybrid,Manual,1.1,20.5
Toyota Yaris,2022,960534.1,55166,Diesel,Automatic,1.4,13.6
Hyundai Verna,2012,135294.73,152178,Petrol,Automatic,1.2,11.7
Audi Q5,2013,1400271.14,132471,Petrol,Automatic,3.5,11.3
Maruti Suzuki Ertiga,2014,137729.32,"103,476 km",CNG,Automatic,1.6,24.7
Ford Fiesta,2010,194884.93,117251,Petrol,Manual,2.2,10.0
Maruti Suzuki Brezza,2016,404139.92,89856,Electric,Automatic,0.0,143.8
Tata Nexon,2015,161864.39,151839,Diesel,Manual,1.4,
BMW 5 Series,2014,1039577.51,137848,Petrol,Automatic,2.7,11.2
Audi Q5,2013,899150.95,196627,Petrol,Manual,2.9,10.6
Maruti Suzuki Swift,2010,120000.0,150610,CNG,Automatic,1.9,22.1
Honda Amaze,2014,308540.0,221607,Hybrid,Manual,2.1,21.7
Mercedes-Benz GLC,2019,2477086.29,66793,CNG,Automatic,2.7,23.6
Toyota Camry,2015,189208.23,75525,CNG,Manual,1.2,21.1
Hyundai Tucson,2008,120000.0,146136,Petrol,Manual,1.2,15.8
Tata Altroz,2014,149165.64,158429,Diesel,Manual,1.5,19.2
Maruti Suzuki Baleno,2016,184597.04,138295,Diesel,Manual,1.8,12.7
BMW 1 Series,2012,622687.15,207993,Diesel,Manual,2.5,10.3
BMW 1 Series,2009,307170.84,174912,Petrol,Automatic,1.6,13.4
Hyundai Venue,2015,239392.19,154250,Diesel,Manual,1.7,14.2
Mercedes-Benz C-Class,2014,807821.47,141179,Petrol,Manual,2.2,9.4
BMW 1 Series,2011,669417.77,168598,Petrol,Automatic,2.7,10.2
Hyundai i20,2020,445655.53,62437,Petrol,Manual,,11.2
BMW 3 Series,2009,388065.95,221979,CNG,Automatic,2.6,22.1
Maruti Suzuki Brezza,2011,120000.0,112466,Petrol,Manual,1.5,9.8
Toyota RAV4,2016,260971.22,139574,Diesel,Manual,1.3,17.5
Ford Endeavour,2021,1748289.7,39531,Petrol,Automatic,3.0,10.4
Ford Endeavour,2009,211192.37,174278,Petrol,Manual,2.4,9.4
Honda Accord,2015,192689.17,138951,Diesel,Manual,1.3,14.9
BMW 5 Series,2011,361806.94,215588,Diesel,Manual,1.6,12.9
Ford Mustang,2021,723211.05,77528,Petrol,Manual,1.6,13.2
Toyota Yaris,2008,120000.0,"320,837 km",Diesel,Manual,1.5,15.7
BMW X3,2020,3100069.07,76063,Petrol,Automatic,3.1,9.4
Ford Endeavour,2014,252664.54,162106,CNG,Automatic,1.6,29.1
Maruti Suzuki Dzire,2017,237629.99,95248,CNG,Automatic,1.9,26.0
Toyota Fortuner,2011,192575.84,152347,Hybrid,Manual,,22.2
Mercedes-Benz A-Class,2015,981633.17,155353,Petrol,Manual,2.3,11.2
Hyundai Tucson,2024,1325027.19,34716,,Manual,2.3,14.5
Volkswagen Tiguan,2014,256675.39,170737,Petrol,Automatic,1.7,13.8
BMW 1 Series,2016,1067271.45,"66,518 km",CNG,Manual,2.4,25.5
Tata Altroz,2019,251212.27,83296,CNG,Manual,1.3,27.5
Hyundai Tucson,2011,120000.0,"249,846 km",Petrol,Automatic,1.2,11.5
Hyundai Creta,2023,850922.01,50964,Diesel,Automatic,1.7,
Tata Nexon,2021,395710.05,50134,Diesel,Manual,1.5,11.7
Maruti Suzuki Swift,2022,342947.29,41206,Diesel,Automatic,1.4,15.0
Audi A3,2013,540499.93,122123,Petrol,Manual,1.6,9.1
Volkswagen Tiguan,2010,120000.0,180893,Diesel,Manual,,13.8
Mercedes-Benz GLE,2023,5562896.08,21995,Petrol,Automatic,3.3,11.1
Audi A4,2011,660624.16,163095 KM,Petrol,Automatic,2.8,9.3
Mercedes-Benz GLE,2018,3275201.07,59323,Diesel,Automatic,3.9,6.0
Tata Punch,2009,120000.0,162952,CNG,Manual,1.7,24.7
Audi Q3,2008,446535.86,242510 KM,Petrol,Automatic,3.2,
Ford EcoSport,2020,1583808.62,55001,Petrol,Automatic,3.5,13.5
Mercedes-Benz GLC,2017,1597430.96,88487,CNG,Manual,3.0,26.3
Volkswagen Taigun,2015,517075.24,161463,Electric,Manual,0.0,99.6
Ford Endeavour,2019,1268166.1,67108,Petrol,Automatic,2.8,11.0
Volkswagen Vento,2013,120000.0,226983,Petrol,Manual,1.2,10.0
Mercedes-Benz A-Class,2012,917035.74,175524,Diesel,Manual,2.9,13.6
BMW 3 Series,2009,491155.89,272425,Diesel,Manual,3.4,9.2
Ford Mustang,2016,687473.01,157283,Petrol,Manual,2.7,15.5
BMW 1 Series,2020,3471884.21,28797,Diesel,Manual,3.3,11.3
Maruti Suzuki Baleno,2022,325463.57,80337,Diesel,Manual,1.4,15.4
Maruti Suzuki Swift,2009,120000.0,260255,Diesel,Manual,1.7,16.7
Toyota Camry,2012,274934.36,194747,Petrol,Automatic,2.1,8.8
Volkswagen Virtus  ,2024,708804.18,12389 KM,Petrol,Manual,1.2,20.1
Toyota Camry,2008,133601.45,233380,Diesel,Automatic,1.8,16.6
Honda Accord,2020,693001.44,76911,Petrol,Manual,1.9,10.6
Hyundai i20,2022,728250.83,54182,Petrol,Manual,2.0,10.0
Ford Focus,2015,603243.6,166800,Petrol,Automatic,2.4,13.1
Honda Accord,2022,1097491.4,29050,Diesel,Manual,2.2,16.7
BMW X3,2008,474969.49,225515,Diesel,Automatic,3.0,14.6
Mercedes-Benz E-Class,2014,1483201.84,195229,Diesel,Automatic,3.4,10.1
Maruti Suzuki Swift,2008,120000.0,286535,Diesel,Manual,1.6,15.5
Tata Punch,2008,120000.0,315852,Petrol,Automatic,1.5,11.0
Mercedes-Benz A-Class,2012,577947.81,147681,CNG,Automatic,1.7,27.5
Audi A6  ,2023,3139633.57,21127,Petrol,Automatic,2.0,12.5
Maruti Suzuki Baleno,2016,152371.92,73829,Petrol,Manual,1.6,11.5
Tata Harrier,2013,145120.05,182113,Petrol,Automatic,1.6,12.8
Ford Focus,2018,490575.06,85978 KM,Petrol,Manual,1.6,10.8
Honda City,2015,322669.61,88512 KM,Diesel,Automatic,1.6,18.7
Volkswagen Virtus,2012,196972.45,116307,Petrol,Manual,1.7,12.9
Mercedes-Benz E-Class,2011,573803.74,188151,Diesel,Manual,2.1,14.9
Audi A4,2011,636478.66,137855,Diesel,Manual,2.4,12.8
Ford EcoSport,2023,1742738.74,30733,Diesel,Manual,2.5,13.5
Toyota Fortuner,2021,1691432.35,74223,Electric,Automatic,0.0,143.1
Hyundai Venue,2022,635218.64,66228,Petrol,Automatic,1.5,11.3
Ford Endeavour,2014,442405.56,135474,Petrol,Manual,2.4,12.0
Mercedes-Benz E-Class,2020,2313665.55,97177,Diesel,Manual,2.5,13.3
Toyota Fortuner,2020,337598.48,94976,Petrol,Manual,1.0,19.6
Honda Accord,2009,129003.12,121279,Petrol,Manual,1.4,14.0
Tata Safari,2009,120000.0,188138,Petrol,Manual,2.0,8.6
Tata Altroz,2020,529914.02,94587,Petrol,Manual,1.9,13.1
Maruti Suzuki Baleno,2022,813674.56,61611,Electric,Manual,0.0,137.9
Audi Q3,2022,1609635.4,29266,Petrol,Manual,1.6,13.0
Mercedes-Benz GLE,2019,1521898.5,126521,Diesel,Manual,2.3,11.8
Maruti Suzuki Brezza,2013,120000.0,172042,Petrol,Manual,1.4,13.0
Audi Q5,2023,4092144.13,17934,Petrol,Automatic,2.5,10.4
Honda Amaze,2011,147148.05,135731,Diesel,Manual,1.5,12.4
BMW 3 Series,2018,2380366.01,125120,Petrol,Automatic,3.7,7.7
Toyota Camry,2020,634566.52,79717,Diesel,Manual,1.5,14.3
Toyota RAV4,2009,120000.0,145505,Petrol,Manual,1.4,14.4
Maruti Suzuki Baleno,2012,120000.0,222919,Diesel,Automatic,1.4,14.3
Volkswagen Virtus  ,2017,251178.1,78324,Petrol,Manual,1.0,13.7
Mercedes-Benz A-Class,2016,1686568.36,145564,Electric,Automatic,0.0,175.7
Toyota Corolla,2014,187750.07,152944,Petrol,Manual,1.1,
Audi A6,2016,702827.53,188557,Diesel,Automatic,1.6,15.8
Mercedes-Benz A-Class,2009,588676.94,255663,Diesel,Manual,,11.6
BMW X5,2018,2759875.06,77231,Petrol,Manual,4.1,6.0
BMW X3,2015,601099.62,196266,Diesel,Manual,2.0,11.0
Audi A6,2018,1754960.93,63711,Petrol,Automatic,2.3,11.5
Maruti Suzuki Ertiga,2015,167795.99,177936,Petrol,Manual,1.8,14.1
BMW X3,2011,487839.31,"142,018 km",Petrol,Manual,2.1,11.5
Ford Focus,2015,327787.95,144198,Petrol,Manual,1.6,10.6
Maruti Suzuki Brezza,2020,344721.68,74630,Diesel,Manual,1.7,13.6
Mercedes-Benz E-Class,2015,961121.66,157470,Petrol,Automatic,,13.9
Honda Civic,2017,441262.44,47476,  Petrol ,Automatic,1.8,12.2
Mercedes-Benz A-Class,2013,976582.23,144191,Petrol,Manual,3.2,12.4
Honda CR-V,2018,247154.54,129415,Diesel,Manual,1.1,14.1
Mercedes-Benz GLC,2012,539294.09,211390,Diesel,Manual,2.0,16.0
BMW 5 Series,2008,235868.38,218779 KM,Petrol,Automatic,1.6,13.4
Honda Amaze,2016,505536.17,150727,Diesel,Automatic,2.1,13.0
Mercedes-Benz GLC,2012,1012058.51,288959 KM,,Automatic,3.2,10.0
Hyundai Tucson,2024,939845.38,18859,Diesel,Manual,1.6,14.1
Tata Nexon,2008,120000.0,101098,Diesel,Manual,1.6,17.6
Maruti Suzuki Brezza,2020,330169.84,80031,Petrol,Manual,2.0,11.1
Mercedes-Benz C-Class,2010,499205.89,214953,Petrol,Manual,2.9,8.6
Honda Amaze,2014,303878.96,216374,Diesel,Automatic,2.0,11.2
Toyota Yaris,2016,416277.32,94224,Diesel,Automatic,1.4,15.2
Tata Nexon,2022,485134.47,60176,Petrol,Manual,1.5,12.5
Mercedes-Benz C-Class,2010,480560.44,258049,Petrol,Manual,2.7,9.6
Mercedes-Benz GLC,2021,1951477.6,70447,Petrol,Automatic,1.9,13.7
Volkswagen Virtus,2012,187743.91,201535,Petrol,Automatic,1.5,15.4
Hyundai Verna,2012,120000.0,159115,Diesel,Automatic,1.1,15.6
Ford Focus,2009,214762.69,"262,393 km",Petrol,Automatic,2.5,11.1
Volkswagen Taigun,2023,945047.93,28241,Diesel,Manual,1.7,11.7
Tata Harrier,2011,120000.0,199749,Petrol,Manual,1.5,11.2
Tata Punch,2022,486265.16,52423,CNG,Automatic,1.5,29.2
Honda CR-V,2019,434464.02,131271,Diesel,Manual,1.6,14.6
Volkswagen Polo,2010,120000.0,270328,CNG,Automatic,1.0,27.5
Tata Harrier,2023,568748.77,52507,CNG,Automatic,1.6,19.6
Volkswagen Vento,2010,144124.39,182074,Petrol,Manual,1.5,16.2
Volkswagen Virtus,2017,547783.19,130762,Diesel,Automatic,1.9,16.1
Honda City,2022,430627.68,60733,Diesel,Manual,1.0,16.2
Audi A3,2011,871628.23,104631,Petrol,Automatic,3.0,9.2
Hyundai Tucson,2011,120000.0,175415,Diesel,Automatic,1.2,15.6
Tata Harrier,2021,495168.01,43984,Diesel,Manual,1.7,14.1
Hyundai Venue,2016,170653.64,101551,Diesel,Manual,1.1,16.9
Maruti Suzuki Ertiga,2016,157747.91,86197,Diesel,Manual,1.3,17.7
Hyundai Tucson,2016,291120.46,128681,Diesel,Manual,1.6,19.1
Audi A6,2012,564491.44,177874,Diesel,Automatic,1.8,11.6
Honda City,2010,235893.6,164501 KM,Electric,Manual,0.0,172.0
Ford Focus,2023,1923610.47,29770,Diesel,Manual,2.4,14.0
Toyota Camry,2020,793733.57,41926,Petrol,Automatic,1.9,12.9
Audi A6,2022,3746866.2,36666,Petrol,Automatic,2.8,6.5
Mercedes-Benz GLE,2018,2990549.13,57798,Hybrid,Manual,3.7,22.2
Honda CR-V,2016,406590.82,154280,Diesel,Automatic,1.6,
BMW 5 Series,2022,4667084.78,58646,Hybrid,Automatic,3.4,21.0
Ford EcoSport,2020,824270.52,24277,CNG,Manual,,22.2
Maruti Suzuki Dzire,2024,398805.61,9165 KM,CNG,Manual,1.4,18.6
Maruti Suzuki Baleno,2014,136692.24,99376,Diesel,Manual,1.7,13.7
Audi A4,2013,1041566.19,76646 KM,Petrol,Automatic,2.6,11.1
BMW X3,2014,1175082.44,124014 KM,Diesel,Manual,3.2,10.5
Audi A6,2016,1118376.84,46372,Petrol,Automatic,2.0,16.4
Tata Punch,2019,369420.55,95023,Petrol,Manual,1.8,7.9
Volkswagen Polo,2024,949945.95,14748,Petrol,Automatic,1.3,14.9
Volkswagen Taigun,2018,434805.96,73196,Diesel,Automatic,,13.9
Ford Mustang,2016,341023.64,173209,Petrol,Manual,1.6,14.6
Hyundai Venue,2017,262214.44,130210,Diesel,Manual,1.2,17.0
Volkswagen Virtus,2024,987400.85,28860,Diesel,Manual,1.4,12.7
Honda CR-V,2018,614068.85,62163,Petrol,Manual,2.0,7.5
Audi Q3,2016,1481849.41,111281,Petrol,Manual,3.2,6.9
Maruti Suzuki Brezza,2017,224098.45,71663,Diesel,Automatic,1.4,15.6
Mercedes-Benz C-Class,2021,2182599.47,59352,Petrol,Automatic,2.0,9.8
Honda Accord,2015,510807.58,162022,Electric,Automatic,0.0,165.6
Toyota Fortuner,2016,336657.74,139466,Diesel,Manual,1.5,13.9
Honda Civic,2010,142757.39,100296,Diesel,Automatic,1.5,19.0
Maruti Suzuki Ertiga,2013,120000.0,79769,Diesel,Manual,1.4,13.9
Hyundai Venue,2011,145516.95,212958,Petrol,Automatic,1.6,10.4
Maruti Suzuki Baleno,2020,353556.79,74895 KM,Petrol,Automatic,1.5,15.0
Volkswagen Vento,2011,120000.0,230982,Diesel,Automatic,1.2,13.6
Honda City,2011,153047.62,228871,Petrol,Automatic,1.6,
Volkswagen Taigun,2011,172448.69,191103,Petrol,Manual,1.7,10.5
Hyundai Tucson,2017,302138.18,135459,Petrol,Automatic,1.5,14.0
Audi A3,2019,1640854.74,98843,Hybrid,Automatic,1.6,24.4
Volkswagen Vento,2013,190243.56,100115,Petrol,Manual,1.3,11.8
Ford Focus,2021,729764.33,94108,Petrol,Manual,1.8,16.7
Tata Punch,2024,759853.26,33426,Diesel,Manual,1.4,12.5
Ford Fiesta,2011,453332.83,181709,Petrol,Automatic,3.5,6.0
BMW X5,2020,2307210.48,61187,Electric,Manual,0.0,140.5
Honda City,2008,120000.0,108041,Petrol,Automatic,1.3,12.5
Maruti Suzuki Ertiga,2024,506417.7,27512,Diesel,Manual,1.3,
Toyota Corolla,2017,384019.24,85488,Petrol,Manual,1.5,14.0
Tata Punch,2019,356223.7,57520,Diesel,Manual,1.5,13.4
Tata Altroz,2015,228099.53,226989,Petrol,Automatic,1.9,6.0
Audi Q5,2014,549733.58,171664,Diesel,Manual,1.6,16.9
Hyundai Verna,2019,493217.24,88859,Petrol,Automatic,1.5,12.7
Hyundai i20,2008,120000.0,225302,Diesel,Manual,1.6,11.3
Mercedes-Benz A-Class,2015,1255583.67,"144,452 km",Petrol,Manual,3.1,10.7
Audi A4,2009,328098.52,257697,Diesel,Automatic,1.9,13.6
Audi Q3,2013,455652.67,"181,155 km",Diesel,Manual,1.6,16.9
Ford Focus,2023,1932415.13,29772,,Manual,2.5,12.4
Maruti Suzuki Ertiga,2024,572572.02,30449,Diesel,Automatic,1.6,15.9
Tata Nexon,2014,187785.33,96550,Petrol,Automatic,1.3,12.0
Volkswagen Tiguan,2013,281394.56,98341,Petrol,Automatic,2.0,15.3
Hyundai i20,2019,575196.13,81205,Diesel,Automatic,1.6,17.9
Ford EcoSport,2014,756495.33,152028,Petrol,Automatic,3.5,12.3
Tata Punch,2015,304753.92,140583,Electric,Manual,0.0,149.9
Toyota Yaris,2019,446281.08,73380,Diesel,Manual,1.3,16.3
Maruti Suzuki Swift,2022,349986.01,61869,Petrol,Manual,1.4,14.1
Audi A3,2013,863444.71,278621,Petrol,Manual,3.7,6.5
Ford Fiesta,2020,768680.88,"60,861 km",Diesel,Manual,1.6,14.7
Ford Mustang,2018,1409861.87,74970,Diesel,Automatic,3.2,14.6
Honda City,2023,885214.21,39392,CNG,Automatic,1.6,26.5
Maruti Suzuki Brezza,2012,120000.0,151826,Hybrid,Manual,1.6,18.9
Ford Endeavour,2018,867718.69,109658,Petrol,Manual,3.0,6.9
BMW X3,2022,3538974.76,35148,Petrol,Automatic,2.9,12.6
Hyundai Venue,2020,505003.34,78196,Diesel,Automatic,1.4,15.0
Mercedes-Benz GLC,2016,1368674.46,96711,Electric,Manual,0.0,152.8
Ford Fiesta,2022,1161443.52,90917,Petrol,Manual,2.1,11.6
Honda Civic,2019,521299.0,130391,Petrol,Automatic,1.6,11.0
Ford EcoSport,2021,962705.68,85625,Petrol,Manual,2.0,9.5
Volkswagen Vento,2010,180602.91,190048,Petrol,Manual,2.1,13.3
Mercedes-Benz C-Class,2017,1118500.09,119523,Diesel,Automatic,1.8,13.8
Tata Altroz,2018,345004.18,74003,Diesel,Automatic,1.5,14.0
Audi A6,2022,3222680.2,48262,Diesel,Manual,2.7,10.6
Ford Focus,2012,301754.75,176601,Petrol,Manual,2.5,11.9
Tata Harrier,2010,120000.0,179926,Petrol,Manual,1.3,12.1
Hyundai Creta,2017,221214.65,131815,Petrol,Manual,1.2,12.0
Mercedes-Benz C-Class,2023,3355147.84,41028,Petrol,Automatic,2.1,12.1
Hyundai Venue,2011,120000.0,230153,Petrol,Manual,1.5,12.3
BMW X5,2024,4155827.81,20267,Petrol,Manual,2.7,12.4
Audi Q5,2008,415856.95,254290,CNG,Automatic,3.1,23.2
BMW X5,2021,2434604.96,76266 KM,Petrol,Manual,3.4,8.8
Ford EcoSport,2010,168610.28,184230,Petrol,Manual,1.7,9.7
Ford Fiesta,2023,1100251.69,27487,CNG,Manual,2.1,20.8
Tata Punch,2018,254504.53,93875,Petrol,Manual,1.3,11.2
Ford Fiesta,2009,243059.04,126109,Petrol,Automatic,2.3,11.4
Audi Q3,2014,761592.02,140410,Diesel,Manual,2.1,10.5
Hyundai i20,2023,900321.88,40758,Diesel,Automatic,1.4,15.8
Audi Q5,2015,725253.36,110655,CNG,Automatic,1.8,24.7
BMW 5 Series,2015,1140968.01,81286,Diesel,Automatic,2.4,12.6
BMW 3 Series,2024,2554859.51,33250,Petrol,Manual,1.9,11.9
Ford Focus,2015,544541.76,170037,Electric,Manual,0.0,163.0
Tata Punch,2012,173485.68,34751,Petrol,Automatic,1.5,14.5
Ford Mustang,2019,1007250.09,103411,Electric,Manual,0.0,175.5
Ford Endeavour,2019,978542.8,89460,Petrol,Manual,2.8,9.3
Maruti Suzuki Swift,2008,120000.0,300834,Petrol,Manual,1.7,14.6
BMW X5,2010,528340.75,200831,CNG,Automatic,2.5,23.3
Ford Focus,2020,1081636.24,92034,Diesel,Automatic,2.2,15.2
Maruti Suzuki Brezza,2022,385673.93,54902,Diesel,Manual,1.4,11.5
Honda Civic,2018,292321.96,123659,Petrol,Manual,1.0,8.1
Hyundai Creta,2023,870513.72,37724,Diesel,Automatic,1.5,15.4
Hyundai Tucson,2009,120000.0,152341,CNG,Manual,1.6,21.1
Tata Altroz,2012,138283.77,132832,Diesel,Manual,1.3,17.0
BMW X3,2014,852886.35,142133 KM,CNG,Automatic,2.3,20.9
Volkswagen Vento,2011,222620.84,111174,Diesel,Manual,2.1,13.7
Volkswagen Vento,2020,669524.51,44425 KM,Diesel,Manual,1.5,
Mercedes-Benz A-Class,2013,736521.55,"285,628 km",Diesel,Manual,2.6,12.9
Ford Focus,2014,639486.18,135165,Diesel,Manual,3.1,14.6
Tata Safari,2008,120000.0,241945,CNG,Automatic,1.5,21.2
BMW X3,2016,1100274.88,125450,CNG,Automatic,2.5,24.4
Tata Altroz,2023,537085.77,25712,Petrol,Manual,1.3,10.5
Toyota RAV4,2013,251486.56,93649,Petrol,Automatic,1.6,11.9
Volkswagen Taigun,2008,120000.0,"131,564 km",Diesel,Manual,1.6,15.9
Ford EcoSport,2017,597432.94,96672,Diesel,Automatic,2.0,14.1
Maruti Suzuki Baleno,2022,380577.91,57892,Diesel,Manual,1.6,16.1
BMW 5 Series,2018,2050354.28,36449,Diesel,Automatic,2.8,8.8
Mercedes-Benz GLE,2019,3191770.87,78389,Hybrid,Manual,3.6,24.4
Honda CR-V,2024,787406.29,32611,Petrol,Automatic,1.3,14.8
Maruti Suzuki Dzire,2012,134209.54,115512,Petrol,Automatic,1.7,13.1
Tata Nexon,2019,520200.94,91763,Petrol,Automatic,2.2,10.4
Volkswagen Virtus,2021,624767.84,48045,Petrol,Manual,1.4,11.5
Maruti Suzuki Ertiga,2023,491984.4,8772,Petrol,Automatic,1.6,10.1
Toyota Yaris,2012,185031.78,139948,Petrol,Manual,1.6,12.2
Hyundai Tucson,2008,120000.0,230966,Diesel,Automatic,1.1,16.1
Ford Focus,2018,645855.79,123810,Petrol,Automatic,1.8,10.8
Ford Focus,2014,351223.74,160572,Petrol,Manual,2.1,9.7
Audi A4,2008,211492.54,238143,Diesel,Manual,1.6,16.1
Tata Harrier,2019,307826.76,67010,Petrol,Manual,1.6,14.7
BMW 1 Series,2014,1072388.67,129758,Diesel,Automatic,2.7,10.6
Toyota RAV4,2019,340719.75,111785,Diesel,Automatic,1.0,17.6
Ford Focus,2009,198224.87,199573,Petrol,Automatic,2.0,13.6
BMW X5,2017,1292761.06,74214,Petrol,Manual,2.4,10.5
Hyundai Tucson,2020,618777.95,57499,Diesel,Manual,1.7,13.5
Toyota Fortuner,2019,556266.34,130583 KM,Petrol,Automatic,1.6,9.3
Ford Endeavour,2015,569889.63,104115 KM,Petrol,Manual,2.6,8.4
Hyundai Verna,2012,151777.72,220887,Petrol,Automatic,1.7,10.9
Volkswagen Tiguan,2022,1183404.87,52898,Hybrid,Automatic,1.7,23.2
Ford Focus,2020,1081432.48,78551,Petrol,Manual,2.5,11.7
Toyota RAV4,2023,864216.91,46180,Petrol,Manual,1.6,14.2
Ford Endeavour,2014,500880.99,228416,Petrol,Automatic,2.9,11.6
Mercedes-Benz GLC,2015,1048147.28,105841,Petrol,Automatic,2.3,10.0
Audi A3,2013,1048861.1,111419 KM,CNG,Manual,3.4,
Audi A3,2018,1264629.29,92404,Diesel,Manual,2.2,14.2
Volkswagen Polo,2010,165638.44,258384,Petrol,Manual,2.0,11.3
Maruti Suzuki Brezza,2009,120000.0,112874,CNG,Manual,1.0,23.6
BMW X3,2020,1759429.15,54982 KM,Diesel,Manual,2.1,13.3
Honda Accord,2023,935052.71,49474,Diesel,Automatic,1.4,17.1
Maruti Suzuki Ertiga,2018,194015.84,139033,Diesel,Manual,1.4,17.4
Audi Q5,2021,2921466.57,"87,876 km",Diesel,Automatic,2.5,11.7
Maruti Suzuki Dzire,2017,182168.95,138415,Hybrid,Automatic,1.3,16.7
Audi A3,2017,1632166.33,108274,Diesel,Manual,2.7,11.1
Hyundai Verna,2012,147245.78,176175,Petrol,Manual,2.0,10.7
Volkswagen Tiguan,2014,304483.78,142245,Diesel,Automatic,1.7,14.2
Toyota Corolla,2015,551035.55,133068,Electric,Automatic,0.0,134.3
Hyundai i20,2010,164336.76,176862 KM,Hybrid,Manual,2.0,20.4
Honda CR-V,2020,393447.05,77796,Diesel,Manual,1.2,15.8
Mercedes-Benz GLE,2024,4546920.76,13070,Petrol,Manual,2.7,14.8
Tata Safari,2013,165773.78,"94,473 km",Petrol,Manual,1.6,10.8
Volkswagen Polo,2009,120000.0,168292,Petrol,Manual,1.6,14.0
Volkswagen Tiguan,2022,639121.52,71660,Diesel,Manual,1.3,
Honda Civic,2010,182617.8,107621,Petrol,Automatic,1.8,9.0
Toyota Camry,2017,288170.87,53313,Petrol,Manual,1.0,13.9
Tata Harrier,2009,120000.0,189109,CNG,Manual,1.3,23.1
Honda City,2019,474553.53,92949,Petrol,Manual,1.5,9.8
Maruti Suzuki Brezza,2023,454280.02,29731,Petrol,Manual,1.4,13.5
Honda Amaze,2022,1723743.44,43497,Electric,Automatic,0.0,203.4
Audi A3,2018,1308076.04,116159,CNG,Automatic,1.8,25.9
Volkswagen Taigun,2017,615488.59,182767,Diesel,Automatic,2.4,12.4
Mercedes-Benz GLC,2012,940716.58,126379,Electric,Manual,0.0,141.0
Audi Q5,2021,2555551.52,66402,Hybrid,Manual,2.6,24.8
Honda Accord,2015,184934.25,161243,Petrol,Automatic,1.1,13.2
Toyota Camry,2024,1178013.5,20102,CNG,Automatic,1.4,
Mercedes-Benz C-Class,2015,1066518.67,"155,779 km",Petrol,Manual,2.6,14.6
Mercedes-Benz E-Class,2009,692155.71,132224,Diesel,Manual,3.3,10.4
Audi A6,2022,2973835.91,65750,Petrol,Automatic,2.7,9.6
BMW 5 Series,2024,4623931.29,31725,  CNG ,Manual,3.2,27.6
Mercedes-Benz GLE,2011,522559.6,219711 KM,Hybrid,Automatic,1.6,21.7
Mercedes-Benz E-Class,2019,3575403.54,"83,521 km",Diesel,Automatic,3.6,8.1
Tata Nexon,2011,120000.0,210119,Diesel,Automatic,1.2,15.8
Mercedes-Benz C-Class,2015,1896754.91,92877,Diesel,Automatic,3.1,11.8
BMW 3 Series,2014,873028.68,"146,308 km",Diesel,Automatic,2.2,14.3
Ford Focus,2023,1984657.28,"54,583 km",Diesel,Automatic,2.4,14.4
Honda Amaze,2022,1124124.06,60311,Petrol,Automatic,1.8,10.0
BMW 5 Series,2011,718306.01,210246,CNG,Automatic,3.1,20.3
Volkswagen Tiguan,2023,752665.19,18895,Petrol,Manual,1.3,16.1
Audi Q5,2019,2176355.01,56214,CNG,Automatic,2.8,29.4
Ford EcoSport,2010,433422.6,140372,Diesel,Manual,4.0,11.2
Toyota Fortuner  ,2022,1042904.95,42642,Diesel,Automatic,1.5,15.7
Audi A4,2017,1131040.97,147940,Petrol,Manual,2.3,12.0
Audi A3,2013,462053.23,206757,Petrol,Manual,1.7,16.4
Volkswagen Polo,2013,147970.99,152131,Diesel,Manual,1.2,18.5
Hyundai Venue,2011,149542.2,224684,Petrol,Manual,2.3,10.8
Toyota Camry,2011,176667.87,232450,Diesel,Automatic,1.6,13.1
Volkswagen Tiguan,2023,1232951.13,35691,Diesel,Automatic,1.6,15.9
BMW X5,2014,751249.29,91073,Diesel,Manual,1.9,14.2
Ford EcoSport,2010,313447.96,167686,Diesel,Manual,2.8,11.2
Hyundai Verna,2010,120000.0,225897,Petrol,Manual,1.2,14.8
Volkswagen Vento,2008,212529.94,153475,Electric,Manual,0.0,136.0
Toyota Yaris,2013,146329.54,175893,Petrol,Manual,1.0,11.7
Audi A6,2023,3718821.01,38214 KM,Electric,Manual,0.0,183.0
Tata Punch  ,2022,515961.87,72979,Petrol,Manual,1.6,12.9
Toyota Corolla,2012,164990.78,195595,Petrol,Manual,1.7,9.2
Mercedes-Benz GLC,2021,3321127.61,44226,Electric,Manual,0.0,184.7
Honda City,2014,152486.48,197160,Petrol,Manual,1.3,15.1
Honda Accord,2012,369195.15,176938,Electric,Automatic,0.0,161.5
Hyundai i20,2022,750948.26,55930,Petrol,Automatic,1.5,8.0
Volkswagen Vento,2012,224390.73,96412,Petrol,Manual,1.7,10.7
BMW 1 Series,2020,1659002.52,40032,CNG,Manual,2.5,21.0
Maruti Suzuki Dzire,2009,120000.0,200400,Diesel,Manual,1.2,13.2
Audi A6,2021,2145423.42,"78,442 km",Petrol,Automatic,2.1,11.3
Honda CR-V,2017,217057.07,131859,Diesel,Manual,1.0,14.8
Mercedes-Benz GLC,2021,1618710.79,78414,Diesel,Manual,1.6,14.5
Ford Endeavour,2018,813695.63,89943 KM,Diesel,Manual,2.6,11.5
Volkswagen Vento,2008,149126.52,26664,Petrol,Manual,1.7,13.0
BMW 5 Series,2024,3754173.64,23608,CNG,Automatic,2.4,24.6
Ford Mustang,2009,245759.58,283121,Petrol,Manual,3.5,8.5
Audi A4,2017,1416526.17,111065,Diesel,Automatic,2.3,14.0
Maruti Suzuki Ertiga,2010,120000.0,168495,Petrol,Manual,1.4,13.8
Volkswagen Taigun,2021,547198.17,61378,Hybrid,Manual,1.3,26.7
Volkswagen Taigun,2015,236566.41,122897,Diesel,Manual,1.3,17.3
Hyundai Verna,2023,924575.87,10474,Diesel,Automatic,1.6,14.1
Hyundai Creta,2008,120000.0,269683,Petrol,Manual,1.5,11.0
Mercedes-Benz A-Class,2010,464215.74,285280 KM,Diesel,Automatic,2.7,9.2
Hyundai i20,2024,714053.07,23407,Petrol,Manual,1.2,9.4
Honda CR-V,2021,508254.62,67726,Diesel,Manual,1.3,19.2
Toyota Fortuner,2012,214883.01,175042,Diesel,Automatic,1.4,13.6
Volkswagen Taigun,2015,211682.57,164175,CNG,Automatic,1.2,24.9
Tata Punch,2023,665522.98,24428,Petrol,Automatic,1.2,15.4
Ford Fiesta,2023,2438326.57,23611,Petrol,Automatic,3.1,9.4
Audi Q5,2024,2139091.31,38391,Diesel,Manual,1.6,16.9
Mercedes-Benz A-Class,2014,745305.02,139149,Diesel,Manual,1.9,10.8
Volkswagen Polo,2009,120000.0,137140,Petrol,Manual,1.2,11.0
BMW 1 Series,2024,2897621.85,23654 KM,Diesel,Manual,1.6,15.8
Tata Nexon,2010,120000.0,222691,Diesel,Manual,1.7,14.1
Mercedes-Benz C-Class,2010,634420.92,204867,Hybrid,Automatic,2.4,15.7
Toyota Camry,2017,490383.03,90164,Petrol,Manual,2.0,9.8
Audi A4,2008,414334.78,122239,Diesel,Manual,2.5,13.2
Audi A4,2015,1013198.37,93418,CNG,Manual,2.9,24.7
Tata Safari,2015,209261.8,82929,Hybrid,Manual,1.3,19.7
Volkswagen Tiguan,2009,183603.72,93874,Diesel,Manual,1.8,14.8
Toyota Corolla,2022,752408.35,"47,446 km",Diesel,Manual,1.4,14.4
Tata Safari,2016,168858.42,101061,Petrol,Manual,1.2,15.4
Mercedes-Benz C-Class,2023,3198171.94,35954,Diesel,Automatic,2.2,11.8
Toyota Corolla,2016,483605.28,52992,Petrol,Automatic,1.7,10.8
Volkswagen Tiguan,2015,366165.88,119996,Hybrid,Manual,1.8,22.4
Tata Harrier,2012,200725.93,201809,Electric,Manual,0.0,165.1
Ford Fiesta,2023,1410216.96,36028,CNG,Automatic,1.9,25.0
Tata Punch,2013,146532.46,172982 KM,Diesel,Automatic,1.5,12.6
Honda CR-V,2017,222530.85,114780,Petrol,Manual,1.0,12.9
Ford Mustang,2010,256578.62,269147 KM,Diesel,Manual,2.7,
Audi A3,2022,4074034.38,27269,Hybrid,Manual,3.0,18.3
Tata Nexon,2015,143823.39,113038,Diesel,Manual,,16.4
Hyundai Venue,2016,254022.7,120256,Petrol,Manual,1.6,13.7
Audi Q5,2017,944668.01,"156,330 km",Diesel,Automatic,1.6,17.6
Maruti Suzuki Baleno,2023,689747.37,"23,962 km",Petrol,Automatic,1.7,11.9
Hyundai Verna,2022,484539.64,48702,Diesel,Manual,1.1,14.8
Audi Q5  ,2015,1215995.59,134124,Electric,Manual,0.0,122.3
Honda Civic,2016,210886.33,109373,Petrol,Manual,1.1,10.7
Honda CR-V,2011,120000.0,211738,Petrol,Automatic,1.2,14.1
Maruti Suzuki Brezza,2014,120000.0,118178,Petrol,Manual,1.3,15.7
Audi Q5,2023,5428383.59,12687,Diesel,Automatic,3.3,12.6
BMW X5,2016,1260067.33,89109,Petrol,Manual,2.9,7.1
Ford EcoSport,2022,1481700.27,57281,Hybrid,Manual,2.3,17.9
Toyota Fortuner,2021,543869.66,53388,CNG,Manual,1.3,27.6
BMW 3 Series,2020,2033580.16,67004 KM,Petrol,Manual,2.5,8.2
Mercedes-Benz E-Class,2022,3698536.76,55023,Petrol,Automatic,2.5,13.2
Tata Safari,2008,120000.0,278808,Petrol,Automatic,1.6,9.2
Ford Mustang,2020,1060133.58,124254,Petrol,Automatic,2.3,12.6
Maruti Suzuki Ertiga,2011,120000.0,161076,CNG,Manual,1.4,26.0
Hyundai i20,2021,603885.52,51579,Petrol,Automatic,1.5,12.0
Hyundai Verna,2008,120000.0,324444,Electric,Manual,0.0,
Maruti Suzuki Brezza,2016,122962.97,154610,Petrol,Automatic,1.2,11.3
Honda Civic,2012,192241.44,197869,Diesel,Automatic,1.6,12.7
Tata Altroz,2009,120000.0,201797,Petrol,Manual,1.4,
Ford EcoSport,2021,844061.25,81169,Petrol,Manual,1.9,9.8
Hyundai Verna,2013,124618.07,149688,Petrol,Manual,1.2,13.2
Audi A4,2012,728009.65,189939,Petrol,Automatic,2.9,11.4
Ford Fiesta,2018,836775.69,62987,CNG,Automatic,2.3,20.7
Honda Accord  ,2014,304611.82,74030,Petrol,Automatic,1.5,9.2
BMW 5 Series,2023,2951347.58,41202,Petrol,Manual,2.5,9.2
Toyota Yaris,2009,120000.0,276692,Diesel,Manual,1.6,13.5
Toyota Camry,2024,1036158.33,13883 KM,Diesel,Manual,1.4,16.1
BMW 1 Series,2010,579649.67,196913,Diesel,Automatic,2.7,13.6
Honda Accord,2017,375160.55,133606,Petrol,Manual,1.7,13.0
Maruti Suzuki Ertiga,2015,167328.07,158329,Diesel,Manual,1.8,15.0
Honda City,2009,171856.78,151455,Petrol,Manual,2.5,9.5
Honda CR-V,2015,325053.51,53659,CNG,Automatic,1.6,19.3
Ford Focus,2020,1126356.15,60811,Electric,Manual,0.0,151.3
Tata Safari,2023,529245.52,56595,Petrol,Manual,1.4,15.1
Hyundai Verna,2019,308427.71,115078,Diesel,Manual,1.3,12.5
Volkswagen Polo,2011,124914.14,362039 KM,Petrol,Automatic,1.7,12.2
Toyota Fortuner,2011,205302.08,193382,Diesel,Automatic,1.7,15.1
Audi A4,2012,542791.89,183426,Petrol,Manual,2.6,13.9
Mercedes-Benz A-Class,2010,618406.35,194273,Diesel,Automatic,2.7,10.5
Ford Mustang,2023,1592237.37,33411,Petrol,Automatic,2.1,7.2
Honda Accord,2009,120000.0,250667,Diesel,Manual,1.2,11.7
Tata Harrier,2024,496119.98,35409,CNG,Manual,1.7,21.5
Tata Altroz,2012,244181.9,209955,Electric,Manual,0.0,154.6
Toyota RAV4,2011,178278.45,126262 KM,Hybrid,Manual,1.3,25.1
Mercedes-Benz GLE,2010,554221.33,166677,Petrol,Automatic,2.6,11.2
Ford Endeavour,2013,515052.0,169622 KM,Petrol,Automatic,3.3,9.2
Maruti Suzuki Dzire,2013,120000.0,203462,Petrol,Automatic,1.4,10.0
Tata Punch,2021,676298.91,62845,Petrol,Automatic,1.8,14.1
Volkswagen Virtus,2008,120000.0,212026,Diesel,Manual,,14.8
Ford Fiesta,2021,1677217.47,62852,Diesel,Manual,2.9,13.9
Tata Harrier,2024,690822.71,32134,Petrol,Automatic,1.4,11.7
Ford Fiesta,2013,305401.93,157286,Petrol,Manual,2.1,14.1
Toyota Corolla,2024,855358.83,19714,CNG,Manual,1.4,28.3
Toyota RAV4,2010,140250.9,"199,781 km",Petrol,Automatic,1.4,11.3
Honda Accord,2015,232102.79,178405,Hybrid,Automatic,1.3,24.9
Ford Mustang,2021,1593971.12,77890,Electric,Automatic,0.0,131.8
Volkswagen Virtus,2014,211581.99,149230,Petrol,Automatic,1.4,9.1
Maruti Suzuki Brezza,2016,174531.85,91603,Diesel,Automatic,1.4,14.5
Audi A6,2012,427996.88,189030,Diesel,Manual,1.7,14.4
Mercedes-Benz C-Class,2015,914590.11,96957,Diesel,Automatic,1.7,14.0
Ford Mustang,2019,1036273.44,125459 KM,Petrol,Automatic,2.9,8.6
Honda CR-V,2021,691334.17,44075,Petrol,Manual,1.6,12.7
Volkswagen Virtus,2024,1501390.18,20134,Diesel,Manual,2.2,14.2
Audi A6,2020,2746674.24,98921,Petrol,Manual,3.1,8.7
Mercedes-Benz A-Class,2016,1066380.58,93133,Diesel,Manual,2.1,12.8
BMW 1 Series,2024,2128666.31,28802,Petrol,Manual,1.6,13.4
Audi A6,2016,1508593.09,82975,Electric,Manual,0.0,149.3
Volkswagen Tiguan,2022,701520.07,47491,Petrol,Automatic,1.3,13.5
Maruti Suzuki Baleno,2013,120000.0,184115,Petrol,Manual,1.6,12.1
Maruti Suzuki Swift,2018,165812.65,89305,Diesel,Manual,1.1,11.9
Toyota Yaris,2009,120000.0,237167,Diesel,Automatic,1.0,16.9
Volkswagen Vento,2011,120000.0,217358,CNG,Automatic,1.1,27.3
Honda CR-V,2023,1248627.81,"39,857 km",Petrol,Automatic,2.1,11.5
Ford Focus,2016,604884.51,140480,Diesel,Manual,2.5,12.3
Volkswagen Taigun,2009,169753.68,118487,Diesel,Manual,2.0,14.8
Mercedes-Benz A-Class,2024,4107242.6,25323,Petrol,Manual,2.6,11.8
Hyundai Venue,2008,120000.0,"181,265 km",  Diesel ,Automatic,1.6,15.6
Maruti Suzuki Dzire,2021,359828.0,78473,Diesel,Automatic,1.6,16.4
Toyota Corolla,2012,243373.57,146139,Hybrid,Automatic,1.5,23.6
Volkswagen Virtus,2018,1009985.16,66332,Electric,Automatic,0.0,149.5
Mercedes-Benz GLC,2023,2815436.63,54107,Petrol,Manual,1.9,14.7
Maruti Suzuki Baleno,2011,120000.0,144474,Diesel,Manual,1.5,17.8
Honda Accord,2015,243074.29,111105,Petrol,Automatic,1.2,16.6
Mercedes-Benz C-Class,2016,1246784.33,98821,CNG,Automatic,2.6,25.9
BMW 1 Series,2024,4468125.26,23848,Electric,Automatic,0.0,136.8
Honda City,2011,146554.15,170831,CNG,Automatic,1.5,25.8
Hyundai Verna,2020,296337.42,108790,CNG,Automatic,1.0,24.3
Audi Q5,2022,3109626.92,31202,CNG,Manual,2.7,24.5
BMW 1 Series,2015,1261686.18,81320,CNG,Automatic,3.1,24.4
Mercedes-Benz E-Class,2017,1602586.71,111545,Hybrid,Automatic,2.2,21.1
BMW X3,2009,291882.31,372902,Diesel,Manual,2.4,13.1
Ford Fiesta,2024,2278812.78,17249,Petrol,Automatic,3.2,10.3
Maruti Suzuki Dzire,2017,255490.71,180816,Diesel,Automatic,1.8,14.6
BMW X5,2022,1673303.52,73277,Diesel,Manual,1.6,12.7
Ford Endeavour,2010,353461.15,184775,Petrol,Automatic,2.9,8.6
Mercedes-Benz GLE,2024,6367657.01,21543,Hybrid,Manual,3.4,23.1
Honda Accord,2013,182957.75,165398 KM,Petrol,Manual,1.5,14.0
BMW 1 Series,2017,1206844.28,"68,503 km",CNG,Manual,2.1,17.7
Ford Endeavour,2024,1558234.33,28159,Diesel,Manual,2.0,10.9
Audi Q3,2012,581764.79,210727,Petrol,Manual,2.3,10.7
Tata Nexon,2021,468569.9,46556,CNG,Manual,1.7,20.8
BMW 1 Series,2024,2983335.36,35431,Diesel,Automatic,2.1,13.2
BMW 5 Series,2011,810850.84,167807,CNG,Automatic,3.3,21.2
Audi A6,2019,1738293.59,88589,Petrol,Manual,2.4,
Honda Amaze,2010,120000.0,260377,Diesel,Manual,1.8,13.6
Toyota Yaris,2015,358956.07,73100,Diesel,Manual,1.5,12.4
Audi A4,2021,2992128.26,82036,CNG,Manual,3.4,18.4
Honda Civic,2010,124659.48,236194,Petrol,Automatic,1.6,13.4
BMW 1 Series,2011,1180346.32,69899,Diesel,Automatic,3.7,10.7
Hyundai Tucson,2013,139759.75,152490,Petrol,Automatic,1.1,14.6
Honda City,2018,375330.88,106253,Diesel,Automatic,1.3,16.4
Audi A4,2023,4465992.37,45179,Electric,Automatic,0.0,178.6
Maruti Suzuki Swift,2011,120000.0,77710,Diesel,Automatic,1.4,17.7
Audi A4,2021,1994520.1,38497,,Manual,1.9,15.6
Maruti Suzuki Ertiga,2017,162705.15,121766,Petrol,Manual,1.3,9.0
Toyota Yaris,2018,624115.45,86587,Diesel,Automatic,1.6,13.8
Volkswagen Virtus,2019,556993.24,85457,Petrol,Automatic,1.6,11.7
Maruti Suzuki Baleno,2020,244679.89,52318,Petrol,Automatic,1.2,12.1
BMW X3,2019,1621912.06,88173,Petrol,Manual,2.3,8.3
Mercedes-Benz A-Class,2019,1545371.66,34907,Diesel,Automatic,1.6,19.8
Volkswagen Virtus,2014,225819.57,165093,Petrol,Automatic,1.4,13.5
Ford EcoSport,2015,374295.01,179547,CNG,Automatic,2.2,25.3
Mercedes-Benz A-Class,2011,540644.57,192641,CNG,Manual,3.2,29.7
Tata Safari,2021,462785.25,71309,Hybrid,Automatic,1.5,22.6
Honda City,2018,338929.87,73037,Petrol,Manual,1.4,9.5
Tata Harrier,2013,158722.59,155573,Hybrid,Automatic,1.5,22.4
Toyota Corolla,2024,1006049.51,15233,Petrol,Manual,1.6,14.5
Hyundai i20,2012,168875.21,175226,Diesel,Manual,1.8,15.8
Volkswagen Polo,2013,251895.78,240164,Diesel,Manual,1.9,11.7
Volkswagen Taigun,2016,361974.18,124731,Petrol,Automatic,1.5,14.8
Toyota RAV4  ,2012,142213.86,110977,Diesel,Manual,1.0,19.4
Audi A6,2024,5802450.49,11877,Petrol,Manual,3.6,
Maruti Suzuki Brezza,2017,351464.13,112780,Diesel,Automatic,2.1,13.8
Mercedes-Benz GLE,2022,2680415.92,25370,Petrol,Manual,2.3,11.9
Honda Civic,2023,1988479.11,34373,Electric,Automatic,0.0,150.9
Hyundai Verna,2008,120000.0,174112,Diesel,Manual,1.6,17.0
Volkswagen Vento,2009,153823.72,143746,Hybrid,Manual,1.4,25.8
Ford Endeavour,2024,1750300.42,15576,Hybrid,Manual,1.8,21.1
Maruti Suzuki Dzire  ,2023,484343.63,32397,Petrol,Automatic,1.5,10.6
Audi Q5,2017,1067053.73,108795,CNG,Automatic,2.0,25.6
Hyundai Tucson,2010,120377.03,119687,Petrol,Automatic,1.4,12.4
BMW 5 Series,2008,294998.6,321094,Diesel,Manual,2.4,15.4
Toyota Camry,2017,381075.84,"99,041 km",Hybrid,Manual,1.3,21.5
Maruti Suzuki Brezza,2010,120000.0,212883,Diesel,Automatic,1.5,11.5
Hyundai Verna,2020,651311.85,31621,CNG,Automatic,1.7,23.8
BMW 5 Series,2019,1055093.51,97688,,Manual,1.6,13.3
Toyota Yaris,2023,528257.82,"33,658 km",Diesel,Manual,1.0,12.5
Maruti Suzuki Baleno,2024,1159204.6,22436,Electric,Automatic,0.0,171.5
Ford Fiesta,2019,1034296.55,109612,Petrol,Manual,3.1,13.1
Tata Safari,2014,173133.76,182375,Petrol,Automatic,1.5,14.6
Mercedes-Benz A-Class,2008,265181.99,236657,Diesel,Manual,1.9,15.1
Toyota Yaris,2012,120000.0,130539 KM,CNG,Manual,1.0,23.3
Audi Q3,2023,2040633.69,25236,Petrol,Manual,1.6,10.6
Toyota Corolla,2015,382750.03,168833,Diesel,Automatic,2.0,10.7
Tata Harrier,2014,199980.92,63912,Petrol,Automatic,1.4,10.9
BMW 1 Series,2011,930381.97,147938,Diesel,Automatic,3.5,9.0
Honda City,2012,156224.4,216767,Petrol,Automatic,1.5,15.4
BMW 5 Series,2015,834369.91,78719,CNG,Manual,2.2,22.3
Volkswagen Taigun,2020,334919.78,61276,CNG,Manual,,25.7
Volkswagen Virtus  ,2016,285426.34,172953,Petrol,Automatic,1.5,13.3
Ford EcoSport,2022,1142355.21,29190,Petrol,Automatic,1.6,12.3
Honda City,2022,795522.24,46837,Hybrid,Manual,1.3,22.3
Honda City,2014,273842.88,158887,Hybrid,Automatic,1.8,19.5
Maruti Suzuki Baleno,2016,150125.43,137814,Petrol,Manual,1.5,12.2
Volkswagen Vento,2014,263037.6,120950,Hybrid,Manual,1.2,20.7
Volkswagen Vento,2020,648705.45,79844,Petrol,Automatic,1.5,15.1
Maruti Suzuki Ertiga,2023,453211.46,50281,Petrol,Automatic,1.6,16.8
Tata Nexon,2018,493956.18,45695,Diesel,Automatic,2.0,14.0
Maruti Suzuki Brezza,2013,120000.0,131899,Petrol,Manual,1.4,13.1
Ford Focus,2022,1360843.25,47021,Petrol,Automatic,2.0,9.9
Mercedes-Benz GLC,2008,422198.18,229149,Petrol,Automatic,2.5,14.3
Audi A6,2009,467812.49,277091,Diesel,Automatic,2.8,14.0
Maruti Suzuki Dzire,2015,132549.78,172672,Diesel,Manual,1.3,13.2
Ford Mustang,2009,159234.75,186684,Diesel,Automatic,1.6,17.7
Ford Focus,2010,169782.04,215441,Petrol,Manual,1.7,13.3
Honda Accord,2016,278845.61,141403,  Petrol ,Manual,1.8,12.6
BMW 5 Series,2013,669993.9,211411,Petrol,Automatic,2.1,13.7
Tata Harrier,2011,133961.92,"139,112 km",Petrol,Automatic,1.5,13.4
Maruti Suzuki Swift,2021,330691.42,"77,724 km",Petrol,Automatic,1.5,16.0
Hyundai Venue,2009,120000.0,107747,Petrol,Automatic,1.4,14.5
Honda Accord,2015,249344.78,95650,Hybrid,Manual,1.3,19.7
Audi Q3,2019,2728009.95,100060,Petrol,Automatic,3.4,11.0
Maruti Suzuki Dzire,2020,411218.84,67070,Petrol,Automatic,1.8,13.0
BMW X3,2019,1398266.81,65623,CNG,Manual,2.3,18.6
Toyota Corolla,2008,120000.0,278497,Diesel,Automatic,1.1,15.8
Honda Amaze,2011,159207.31,247388,Petrol,Automatic,1.6,12.4
Mercedes-Benz E-Class,2008,453524.13,"258,353 km",Diesel,Automatic,2.8,11.1
Honda City,2024,823344.43,32529,Diesel,Manual,1.1,
Hyundai i20,2023,769102.67,36977,Petrol,Manual,1.5,16.6
Hyundai i20,2023,546124.27,48167,Petrol,Manual,1.2,16.6
Maruti Suzuki Brezza,2009,120000.0,137438,Diesel,Automatic,1.7,17.3
Maruti Suzuki Swift,2008,120000.0,193894,Petrol,Manual,1.0,15.6
Maruti Suzuki Baleno,2017,213431.41,95086,Diesel,Automatic,1.5,16.6
Toyota Fortuner,2019,658800.83,93148,Petrol,Automatic,1.8,15.1
Toyota RAV4,2024,855782.49,23164,Diesel,Automatic,1.0,15.8
Mercedes-Benz GLC,2011,754275.19,95346,Diesel,Manual,2.7,12.8
Toyota RAV4,2012,255924.29,37287,Diesel,Automatic,1.4,15.6
BMW X3,2017,2142040.0,84878,Electric,Automatic,0.0,146.5
Ford Endeavour,2018,595928.63,"50,751 km",Diesel,Manual,1.8,13.5
Ford Mustang,2022,1908855.17,8976,CNG,Manual,3.6,20.2
Audi A6,2010,574651.06,192424,Diesel,Manual,2.7,11.8
BMW 5 Series,2013,1211979.08,71169,Diesel,Automatic,3.1,12.3
Hyundai Creta,2008,120000.0,233744,Diesel,Manual,1.8,12.9
Tata Nexon,2009,120000.0,228579,Diesel,Automatic,1.3,12.5
Tata Harrier,2014,199522.2,171339,Diesel,Manual,1.7,16.3
Audi Q3,2011,571403.69,157569,Diesel,Manual,2.9,10.4
Honda City,2009,120000.0,178712,Petrol,Manual,1.5,11.2
Ford Mustang,2019,891109.46,81520,Petrol,Automatic,2.2,13.5
Ford EcoSport,2018,477587.22,121089 KM,Diesel,Manual,1.8,14.0
Maruti Suzuki Swift,2018,147275.11,86073,Petrol,Manual,1.1,16.3
Honda Accord,2022,818255.17,62669,Diesel,Automatic,1.5,
Hyundai Verna,2018,323972.67,"98,681 km",Petrol,Automatic,1.2,
Honda CR-V,2020,557518.93,66504,Petrol,Manual,1.8,13.0
Volkswagen Virtus,2010,120000.0,140533,Diesel,Manual,1.1,16.0
Tata Nexon,2010,120000.0,202146,Petrol,Automatic,1.1,9.8
BMW X3,2015,1606551.91,86801,Petrol,Automatic,,12.9
Toyota Yaris,2010,120000.0,223426,Diesel,Manual,1.1,18.1
Audi A6,2012,481381.81,"200,931 km",Petrol,Manual,1.9,14.6
Mercedes-Benz E-Class,2021,3464683.78,"42,104 km",Petrol,Manual,3.4,6.1
Mercedes-Benz C-Class,2008,745202.64,"133,919 km",Diesel,Automatic,3.6,
Volkswagen Vento,2018,293713.7,101193,Diesel,Manual,1.1,15.3
Tata Safari,2011,122429.97,201083,Petrol,Automatic,1.6,13.7
Tata Punch,2015,177082.95,129609,Diesel,Automatic,1.2,13.5
Audi Q5,2008,268689.83,221234,Petrol,Automatic,1.8,13.5
Tata Punch,2020,427091.13,79042,Diesel,Automatic,1.4,15.4
Mercedes-Benz GLE,2020,1718429.97,59086,Petrol,Automatic,1.7,13.5
Mercedes-Benz E-Class,2010,500357.57,149429,Petrol,Manual,2.5,11.7
Volkswagen Tiguan,2022,826573.83,24600,Diesel,Automatic,1.4,14.0
Volkswagen Tiguan,2024,1188782.79,21655,Hybrid,Automatic,1.5,23.9
Tata Harrier,2020,563182.48,68170,,Automatic,1.7,13.2
Mercedes-Benz C-Class,2023,3265916.6,49161,Petrol,Manual,2.4,8.1
Audi A6,2024,4592457.37,49968,Diesel,Manual,3.1,13.2
BMW 3 Series,2014,1015779.27,182501,Diesel,Automatic,2.6,11.9
Toyota Corolla,2016,340256.09,138336,Petrol,Automatic,1.7,11.7
BMW 1 Series,2014,1121550.36,100379 KM,CNG,Automatic,2.6,26.5
Maruti Suzuki Dzire,2011,120000.0,133658,Petrol,Manual,1.7,9.0
Ford EcoSport,2022,1733922.31,46242,Petrol,Manual,3.0,12.6
Maruti Suzuki Dzire,2015,120000.0,193683 KM,Diesel,Manual,,18.1
Ford Mustang,2019,961998.53,22420,Petrol,Manual,2.4,12.8
BMW 1 Series,2020,1698680.4,93524,Petrol,Manual,2.4,10.7
Tata Harrier,2008,120000.0,189815,Diesel,Automatic,1.5,16.1
Honda Amaze,2014,140870.4,94660,Petrol,Automatic,1.0,13.0
Volkswagen Virtus,2011,175406.59,163615,Hybrid,Manual,1.6,25.4
Mercedes-Benz A-Class,2013,1026600.49,117129 KM,Diesel,Manual,3.2,12.7
Audi A6,2017,1864437.65,152282 KM,Electric,Automatic,0.0,161.2
Maruti Suzuki Dzire,2011,120000.0,132443,Diesel,Automatic,1.5,16.3
Toyota Corolla,2013,133077.5,120306,Petrol,Manual,1.0,16.9
Honda Civic,2024,1035921.96,10280,Diesel,Manual,1.5,15.2
Audi A4,2023,3516287.02,44202,Diesel,Automatic,2.1,14.7
Maruti Suzuki Ertiga,2015,165171.4,103150,Petrol,Automatic,1.5,16.2
Honda Accord,2021,890796.27,37778,CNG,Automatic,2.2,23.9
Audi A6,2024,6337839.39,30576,Diesel,Automatic,3.8,8.6
Audi A4,2018,1148594.54,87253,Diesel,Manual,1.6,14.8
Toyota Camry,2017,344390.89,79269,Petrol,Manual,1.4,12.1
Maruti Suzuki Ertiga,2017,177115.76,"65,762 km",Petrol,Automatic,1.2,14.2
Volkswagen Polo,2021,904622.93,64048,Petrol,Automatic,1.9,13.0
BMW 3 Series,2009,403811.93,159839,Petrol,Manual,2.5,11.9
Mercedes-Benz C-Class,2012,737515.45,135625,CNG,Manual,2.6,25.2
Honda CR-V  ,2023,693669.42,53294,Petrol,Automatic,1.1,11.1
Volkswagen Virtus,2012,157956.3,183411,Petrol,Manual,1.3,13.7
Tata Punch,2009,120000.0,107286,Petrol,Automatic,1.5,14.9
Volkswagen Taigun,2008,214237.41,193450,Electric,Automatic,0.0,205.2
Ford Mustang,2012,301387.17,168810,CNG,Automatic,2.2,18.4
Hyundai Tucson,2013,205519.22,184111,Petrol,Manual,2.3,10.3
BMW 3 Series,2018,935813.66,119663,Petrol,Manual,1.7,13.3
Mercedes-Benz GLE,2010,766929.57,151799 KM,Electric,Automatic,0.0,194.9
Honda Accord,2012,172618.75,235576,Diesel,Automatic,1.5,16.7
Toyota Camry,2011,171986.52,152231,Diesel,Manual,1.5,16.2
Ford Focus,2018,590374.43,58532,Petrol,Manual,2.2,9.5
Tata Punch,2012,120000.0,97184 KM,Petrol,Automatic,1.0,14.4
Tata Punch,2014,216632.47,148546,Petrol,Automatic,1.7,12.4
Honda Accord,2022,526589.87,45347,Diesel,Manual,1.2,16.4
Ford Fiesta,2016,633720.5,118544,Diesel,Manual,2.5,11.9
Toyota RAV4,2017,241133.31,97829,  Diesel ,Automatic,1.0,13.0
Hyundai Venue,2017,288931.62,118474,Petrol,Automatic,1.3,12.8
Toyota Fortuner,2014,313290.61,"129,857 km",Diesel,Automatic,1.6,12.3
Volkswagen Tiguan,2020,953023.36,83827,Hybrid,Automatic,1.8,17.9
Mercedes-Benz GLE,2024,4453140.64,31157,Petrol,Automatic,2.8,11.8
Tata Harrier,2022,433694.58,74403,Petrol,Manual,1.2,16.8
Audi A4,2023,3307750.82,33188,Electric,Manual,0.0,180.5
Audi Q5,2009,433441.42,240332,Petrol,Manual,3.2,6.4
Hyundai Venue,2013,217674.58,120685,Petrol,Automatic,1.7,12.6
Maruti Suzuki Ertiga,2018,267811.32,65219,Hybrid,Manual,1.6,24.2
Volkswagen Taigun,2019,606255.75,90186,Diesel,Manual,1.8,16.7
Mercedes-Benz E-Class,2018,2236260.24,135465,Electric,Automatic,0.0,192.5
Hyundai Venue,2018,346274.15,76494,Petrol,Automatic,1.3,
BMW X3,2018,1319094.22,56427,Diesel,Manual,1.7,11.5
Toyota Camry,2019,483985.02,102890,Petrol,Automatic,1.3,13.4
Hyundai i20,2022,672569.91,45437,Petrol,Manual,1.8,15.2
Mercedes-Benz A-Class,2018,1694837.18,84984 KM,Petrol,Automatic,2.2,10.6
Mercedes-Benz E-Class,2017,2090902.47,80290,Diesel,Manual,3.3,12.2
Toyota Yaris,2019,404749.23,74008,Diesel,Manual,1.3,17.1
Tata Altroz,2008,120000.0,250937,Diesel,Manual,1.8,13.0
Hyundai Creta,2010,120000.0,223956,Diesel,Automatic,1.2,13.4
Honda Amaze,2010,227634.12,204764,Electric,Manual,0.0,166.6
Mercedes-Benz E-Class,2016,1388841.77,165596,Petrol,Manual,3.0,6.2
BMW 3 Series,2016,1353842.24,99148,Electric,Manual,0.0,170.9
Toyota Camry,2021,891099.19,44869,Hybrid,Manual,1.7,24.2
Mercedes-Benz GLE,2010,367234.37,184712,Petrol,Manual,2.0,10.1
Mercedes-Benz GLE,2013,1125852.94,126880,Electric,Manual,0.0,136.1
Honda Accord,2016,244871.56,169459,Diesel,Automatic,1.1,16.0
Toyota Yaris,2011,205403.99,93652,Diesel,Manual,1.6,16.6
Toyota Camry,2017,343669.35,124609,Diesel,Automatic,1.2,14.8
Honda Accord,2011,120000.0,221851,Petrol,Automatic,1.0,10.1
Hyundai i20,2018,282030.03,134866,Petrol,Manual,1.4,11.3
Tata Nexon  ,2016,245484.55,86074,Petrol,Manual,1.7,15.9
Ford EcoSport,2011,393892.27,127908,CNG,Automatic,3.2,27.7
Hyundai i20,2022,545854.49,42735,Diesel,Manual,1.3,11.9
Ford Fiesta,2021,1675474.5,61033,CNG,Automatic,3.3,22.3
Audi A4,2022,3212390.35,49093,Petrol,Manual,2.7,13.6
Maruti Suzuki Swift,2017,217734.98,102959,,Automatic,1.4,16.9
Toyota Fortuner,2013,273712.65,246224,Petrol,Automatic,1.9,12.0
Hyundai Tucson,2018,361929.59,142102,Petrol,Automatic,1.7,11.6
Volkswagen Virtus,2015,302323.27,142721,Petrol,Automatic,1.6,13.7
Hyundai Venue,2016,281604.09,183263,Diesel,Automatic,1.4,16.2
Audi Q5,2016,932437.98,75484,Petrol,Manual,1.9,11.9
BMW X5,2023,3803148.7,14694,Diesel,Automatic,2.5,13.8
Toyota Yaris,2013,223118.54,117449,Petrol,Automatic,1.5,
BMW X3,2012,733594.98,139611,Electric,Manual,0.0,148.7
Volkswagen Polo,2024,819440.15,34196,Petrol,Automatic,1.2,10.5
Maruti Suzuki Ertiga,2012,147181.24,228368,Electric,Manual,0.0,151.8
Tata Nexon,2016,172402.16,183831,Diesel,Manual,1.4,13.7
Maruti Suzuki Brezza,2020,309668.69,76916,Petrol,Manual,1.7,17.3
Audi A4,2019,1285070.15,84167,Diesel,Manual,2.0,13.3
Ford Mustang,2009,206265.64,212400,Petrol,Manual,2.7,11.2
Mercedes-Benz E-Class,2021,3151301.81,55651,Electric,Automatic,0.0,159.2
Maruti Suzuki Ertiga,2022,387120.22,48568,  Diesel ,Manual,1.5,16.9
Toyota Corolla,2017,321706.22,112860,Hybrid,Manual,1.2,24.3
BMW 5 Series,2019,1398899.94,86234,Diesel,Manual,1.9,14.6
BMW X3,2022,3812792.65,51135,Electric,Automatic,0.0,160.0
Tata Nexon,2022,663165.74,66359,Petrol,Automatic,1.8,10.8
Maruti Suzuki Swift,2014,179331.6,120778,Petrol,Automatic,1.8,12.0
Maruti Suzuki Baleno,2022,790697.84,46032,Electric,Manual,0.0,132.8
BMW 1 Series,2009,439496.55,339978,Diesel,Automatic,3.1,13.6
Tata Altroz,2022,455063.36,14595,Petrol,Automatic,1.3,15.5
Honda City,2010,120000.0,238846 KM,Petrol,Manual,1.6,12.4
Maruti Suzuki Baleno,2021,276101.82,63071,Diesel,Manual,1.3,16.0
BMW 5 Series,2016,1222451.3,113174,Petrol,Manual,3.2,7.4
Tata Harrier,2009,148909.14,232866,Electric,Manual,0.0,192.5
Volkswagen Polo,2018,440520.47,137255,CNG,Automatic,1.8,22.9
BMW 3 Series,2018,1562477.24,78616,Diesel,Automatic,2.5,12.3
Hyundai i20,2016,229526.55,171122,Diesel,Manual,1.4,15.2
Toyota Fortuner,2021,839846.7,52203,Diesel,Automatic,1.6,14.6
Maruti Suzuki Brezza,2012,155256.59,3000,Petrol,Automatic,1.6,15.0
Mercedes-Benz C-Class,2010,702692.28,134127,Petrol,Automatic,2.5,12.1
BMW 1 Series,2008,463906.92,190730,Electric,Manual,0.0,142.8
Ford Fiesta,2008,239550.65,231502,Diesel,Automatic,2.6,11.5
Audi A4,2009,478804.92,227807,Petrol,Manual,3.2,9.1
Mercedes-Benz E-Class,2010,504876.61,240383,Petrol,Manual,2.7,14.6
Hyundai Creta,2016,170924.68,166258,Petrol,Automatic,1.0,16.5
Maruti Suzuki Baleno,2020,439714.23,83747,Petrol,Automatic,2.2,9.9
Mercedes-Benz E-Class,2018,1348683.39,107574,CNG,Manual,2.2,26.8
Hyundai Venue,2018,376346.64,134706,Hybrid,Manual,1.7,20.3
Audi A3,2015,1177801.78,101617,  Diesel ,Manual,2.7,12.8
Volkswagen Taigun,2015,341261.8,97134,Petrol,Automatic,1.7,12.2
Maruti Suzuki Baleno,2014,138587.97,44357,Petrol,Manual,1.4,12.5
BMW X3,2008,233811.17,274982,Petrol,Manual,1.8,15.5
BMW 3 Series,2018,2120734.05,94791,Petrol,Automatic,3.4,6.0
Volkswagen Taigun,2023,1108164.13,37935,Hybrid,Automatic,1.6,19.1
Toyota Fortuner,2011,120000.0,92600 KM,CNG,Automatic,1.0,24.0
Tata Nexon,2015,252845.4,72331,  Petrol ,Manual,1.7,13.0
Mercedes-Benz GLC,2013,757486.41,172131,Petrol,Manual,2.7,8.6
Toyota Yaris,2022,1195469.6,53878,Diesel,Manual,2.1,13.6
Hyundai Tucson,2024,1041025.37,18412,Hybrid,Automatic,1.4,23.8
Mercedes-Benz GLC,2011,475196.91,251974,Diesel,Manual,2.1,11.9
Volkswagen Tiguan,2022,589932.02,23314,Petrol,Manual,1.2,14.9
Honda CR-V,2009,120000.0,190421,Diesel,Manual,1.6,15.0
Honda Amaze,2024,1274252.7,21082,,Automatic,1.7,15.2
Mercedes-Benz C-Class,2008,537343.37,276472,Diesel,Automatic,3.2,12.1
Audi A6,2010,542402.53,246178,Electric,Manual,0.0,120.9
BMW X5,2016,1504529.33,87203,Hybrid,Automatic,2.4,26.8
Mercedes-Benz GLE,2008,438363.1,193124,CNG,Automatic,3.0,25.5
Hyundai Creta,2009,120000.0,233218,Diesel,Automatic,1.6,12.3
Audi Q5,2015,1045562.56,155257,Petrol,Automatic,2.5,11.1
Hyundai Verna,2014,290691.78,137828,Hybrid,Automatic,1.6,25.5
Toyota RAV4,2020,556454.48,"64,455 km",Diesel,Automatic,1.2,14.6
Maruti Suzuki Dzire,2024,487184.76,28785,Petrol,Manual,1.5,12.4
BMW 1 Series,2015,1361592.71,166952,Electric,Automatic,0.0,145.7
Volkswagen Taigun,2008,120000.0,186689,Diesel,Manual,1.7,15.2
Hyundai Venue,2012,161249.24,118772,Diesel,Automatic,1.4,17.1
Honda City,2011,138013.25,164134 KM,Diesel,Automatic,1.3,16.0
BMW X3,2015,1477395.3,84700,Diesel,Automatic,3.0,11.1
Mercedes-Benz C-Class,2013,786393.19,209059,Petrol,Manual,2.5,8.8
Hyundai Tucson,2022,825572.14,51873,Diesel,Automatic,1.5,12.7
BMW 3 Series,2009,607262.09,97558,Diesel,Automatic,3.2,11.8
Mercedes-Benz A-Class,2017,1391038.71,139251,Diesel,Manual,2.4,12.9
Hyundai Verna,2021,369668.58,59247,Petrol,Manual,1.0,11.8
Honda City,2013,271575.96,91267,  Petrol ,Manual,2.1,8.1
Audi Q3,2008,512650.37,215194,Diesel,Automatic,2.9,9.2
Toyota Fortuner,2011,135225.62,128683,Petrol,Automatic,1.0,16.8
Maruti Suzuki Brezza,2024,589217.91,10892,Petrol,Automatic,1.4,10.4
BMW 1 Series,2016,1496937.9,77799,Petrol,Automatic,2.9,12.3
Audi Q3,2013,1098280.69,103507,CNG,Automatic,3.2,25.5
Honda Accord,2013,271782.97,149008,Diesel,Automatic,1.9,13.6
Toyota RAV4,2024,733571.43,31466,Diesel,Manual,1.1,20.2
Tata Nexon,2021,399875.77,63013,Petrol,Manual,1.3,14.7
Hyundai Venue,2010,120000.0,113117,Diesel,Manual,1.4,13.5
Audi A3,2014,812370.53,165341,Petrol,Automatic,2.3,12.2
Audi Q5,2011,331803.0,293958,Diesel,Automatic,1.6,14.9
Honda City,2024,2177013.36,21829,Electric,Automatic,0.0,154.3
Ford Mustang,2008,189399.31,258337,Petrol,Automatic,2.6,9.5
Maruti Suzuki Swift,2015,127975.76,58418,Diesel,Manual,1.2,14.6
Mercedes-Benz GLC,2021,3419405.46,41104,Petrol,Automatic,3.0,8.4
BMW 5 Series,2019,1617375.75,58213,Diesel,Manual,2.0,17.9
Toyota Camry,2013,254124.89,121473,Hybrid,Automatic,1.4,13.2
Maruti Suzuki Dzire,2009,120000.0,312776,Petrol,Automatic,1.3,12.5
Mercedes-Benz GLC,2009,298789.92,200039,Petrol,Manual,1.8,13.7
Mercedes-Benz A-Class,2024,5260274.13,15720,Diesel,Manual,3.0,12.7
Toyota Camry,2023,924782.18,31740,Diesel,Manual,1.8,17.1
Volkswagen Taigun,2015,493976.23,103371,Hybrid,Automatic,2.1,18.3
Audi A4,2020,1579862.57,66678,Petrol,Automatic,1.6,14.7
Maruti Suzuki Dzire,2020,372397.5,70546,Diesel,Automatic,1.6,13.8
Mercedes-Benz C-Class,2021,2003961.46,68003,CNG,Manual,2.3,23.2
Toyota Corolla,2023,1247078.42,25405,Diesel,Automatic,1.9,15.4
Hyundai Verna,2020,463606.94,115828 KM,Petrol,Automatic,1.5,13.4
Maruti Suzuki Dzire,2010,134791.27,199014 KM,Electric,Manual,0.0,192.9
Volkswagen Tiguan,2009,120000.0,272158,Diesel,Automatic,1.5,14.8
Mercedes-Benz A-Class,2013,1065531.1,82284,Petrol,Manual,3.0,10.6
BMW X5,2012,619936.18,157661,Petrol,Manual,2.5,12.9
Honda CR-V,2008,120000.0,219764,CNG,Automatic,1.2,26.2
Tata Safari,2013,129243.83,134000,Petrol,Manual,1.4,13.2
Honda CR-V,2013,258263.67,178577,Diesel,Automatic,1.8,15.3
Toyota Corolla,2009,120000.0,216396,Diesel,Manual,1.4,14.5
Audi A3,2015,670640.37,140791,Diesel,Manual,1.6,13.7
Honda Amaze,2016,658530.21,96132,Electric,Automatic,0.0,208.2
Honda Civic,2024,949069.58,17153,Petrol,Manual,1.5,15.0
Honda CR-V,2012,157033.39,70316,CNG,Manual,1.7,22.6
Toyota Fortuner,2013,279775.25,141268,Petrol,Automatic,1.7,11.9
Volkswagen Taigun,2009,136292.11,"231,606 km",Diesel,Manual,2.0,10.6
BMW X5,2020,1830284.62,74895,Diesel,Automatic,2.2,12.3
BMW X5,2010,299677.11,276374,CNG,Manual,2.2,23.5
Hyundai Tucson,2020,472423.76,96383,Petrol,Automatic,1.4,11.8
Maruti Suzuki Swift,2024,586898.3,15105,Diesel,Automatic,1.5,16.0
BMW 1 Series,2017,1534035.15,42574,Diesel,Manual,2.5,11.7
Mercedes-Benz GLC,2008,533673.37,193108,Diesel,Automatic,2.8,13.2
Mercedes-Benz GLC,2014,625692.46,100477,Petrol,Automatic,1.6,17.1
Mercedes-Benz GLC,2008,503614.53,129208,Petrol,Manual,2.9,13.2
BMW 1 Series,2017,1154831.93,83848,Petrol,Automatic,1.9,13.5
Ford Endeavour,2011,396688.25,51290,Petrol,Manual,3.0,12.2
Mercedes-Benz E-Class,2013,1082193.01,90487,Diesel,Automatic,2.4,15.1
Volkswagen Tiguan,2019,499034.29,95026,Petrol,Automatic,1.6,10.6
Tata Altroz,2021,438412.08,71656,Petrol,Manual,1.3,14.7
Mercedes-Benz GLC,2020,1711298.26,34380,Diesel,Automatic,1.6,14.2
Mercedes-Benz GLC,2017,1671198.97,163079,  Diesel ,Manual,2.8,12.1
Honda Civic,2024,672710.08,7627,CNG,Manual,1.5,23.2
Toyota RAV4,2010,171633.53,217459 KM,Diesel,Automatic,1.5,14.4
Audi A3,2008,525232.65,159680,Electric,Automatic,0.0,178.7
Mercedes-Benz E-Class,2022,2988851.95,24117,Petrol,Automatic,2.1,11.8
Audi A4,2021,2290833.26,64826,Petrol,Automatic,2.2,13.0
BMW 5 Series,2009,454244.34,242986,CNG,Manual,3.2,22.9
Hyundai i20,2023,1546758.4,14292,Electric,Manual,0.0,
Ford Fiesta,2022,1327790.13,"66,287 km",Petrol,Manual,2.3,9.1
Tata Harrier,2023,423045.04,39159,Petrol,Manual,1.1,14.1
Maruti Suzuki Brezza,2017,153092.68,153568,Petrol,Automatic,1.2,12.9
Tata Nexon,2019,340233.0,129550,Petrol,Automatic,1.5,11.4
Audi Q3,2019,940178.1,99741,Petrol,Manual,1.6,12.8
Mercedes-Benz A-Class,2010,734967.66,173487,Petrol,Automatic,3.4,9.6
Ford Mustang,2008,214347.77,201389,Petrol,Manual,3.1,12.9
Maruti Suzuki Dzire,2011,176371.53,164900,Electric,Automatic,0.0,145.5
BMW X3,2012,643644.34,203763,Petrol,Manual,2.5,10.7
Maruti Suzuki Ertiga,2008,120000.0,205790,Petrol,Manual,1.0,13.3
BMW X3,2017,891586.79,92013,Petrol,Manual,1.6,10.3
Maruti Suzuki Dzire,2018,311529.95,"88,990 km",Diesel,Automatic,1.8,14.3
Hyundai i20,2021,473672.97,45815,Diesel,Automatic,1.1,19.9
Mercedes-Benz GLE,2018,1523140.35,80777,Petrol,Automatic,2.0,11.3
Hyundai Tucson,2022,609153.75,58630,Petrol,Manual,1.6,12.7
Mercedes-Benz C-Class,2024,5245317.42,17469,Electric,Manual,0.0,148.5
Audi A6,2017,2009863.6,141945,Diesel,Automatic,3.2,14.2
BMW 3 Series,2023,2683143.33,34295,Petrol,Manual,2.2,8.2
BMW 3 Series,2020,2645795.42,39705,Petrol,Automatic,2.7,7.8
BMW 5 Series,2013,828462.97,167055 KM,Hybrid,Manual,3.2,23.2
Honda CR-V,2011,149940.25,197509,Diesel,Automatic,1.3,14.9
Mercedes-Benz E-Class,2018,1707760.52,"140,574 km",Petrol,Automatic,2.2,11.6
Mercedes-Benz A-Class,2016,1670961.76,124451,CNG,Manual,3.7,24.1
Mercedes-Benz GLC,2009,615319.25,155109,Petrol,Automatic,2.8,8.5
Honda Civic,2015,231031.03,189280,Petrol,Automatic,1.3,11.8
Toyota Corolla,2018,503126.25,94637,Diesel,Automatic,1.6,14.9
Audi A4,2022,2758436.12,49016,Diesel,Manual,2.5,12.9
Honda Civic,2023,553964.8,52149,Diesel,Manual,1.0,17.3
Tata Harrier,2011,120000.0,180490,Petrol,Manual,1.3,13.3
Honda Civic,2017,418822.54,84194,Petrol,Automatic,1.6,12.1
Hyundai Verna,2023,640836.35,30399,Petrol,Manual,1.4,13.9
Volkswagen Taigun,2010,152824.3,102583,Diesel,Manual,1.6,13.7
BMW X3,2010,528769.65,207153,Petrol,Manual,2.9,9.1
Tata Punch,2019,584788.85,112273,Petrol,Automatic,2.3,12.0
Audi A3,2024,3890730.34,18598,Diesel,Automatic,2.4,14.1
Honda Civic,2020,558827.97,54879,,Automatic,1.4,24.9
Hyundai Verna,2010,120000.0,251343,Petrol,Automatic,1.1,13.9
Hyundai Verna,2022,569404.55,59184,Petrol,Manual,1.6,13.7
Hyundai Creta,2008,120000.0,"120,223 km",Diesel,Manual,1.0,16.9
Volkswagen Tiguan,2016,235097.0,120735,Diesel,Manual,1.0,17.5
Hyundai Verna,2020,301610.53,83359,Petrol,Manual,1.1,11.9
Volkswagen Polo,2019,680744.19,50819,Hybrid,Manual,2.0,24.8
Ford Mustang,2020,1256805.74,95605,Diesel,Automatic,2.5,14.1
Maruti Suzuki Ertiga,2016,177312.2,53289,Diesel,Automatic,1.2,16.8
Volkswagen Tiguan,2016,300604.23,100580,CNG,Manual,1.7,21.7
Audi Q3,2009,298543.83,191237,Petrol,Automatic,1.6,15.8
Ford Fiesta,2011,405487.57,161893,Electric,Automatic,0.0,145.6
Toyota Fortuner,2009,139280.06,312207,Diesel,Manual,2.4,9.9
Audi Q5,2015,1212463.66,86362,Diesel,Manual,2.8,16.7
Tata Safari,2015,121982.45,182356,Petrol,Manual,1.0,15.4
Honda Accord,2024,1353571.65,3000,Diesel,Automatic,1.8,
Audi A3,2013,628721.89,202855,Hybrid,Automatic,1.9,26.3
BMW 5 Series,2014,856719.45,166701,Petrol,Manual,2.8,12.5
Volkswagen Taigun,2014,278583.5,71010,Hybrid,Automatic,1.2,21.5
Volkswagen Virtus,2022,1057169.19,41743,Hybrid,Manual,1.7,21.4
BMW 5 Series,2012,753029.37,202022,CNG,Automatic,3.4,19.4
Audi A3,2020,1932935.67,85015 KM,Diesel,Manual,2.2,14.4
Toyota Camry,2012,166621.58,138933,CNG,Automatic,1.3,24.8
Tata Nexon,2015,205110.52,137323 KM,Petrol,Manual,1.8,10.4
Tata Safari,2018,359488.88,42741,CNG,Automatic,1.6,22.1
Audi A4,2009,416941.38,244056,Petrol,Manual,,11.4
Toyota Fortuner,2011,159218.41,142550 KM,,Manual,1.4,13.8
Volkswagen Taigun,2019,536659.05,57727,Petrol,Automatic,1.5,11.9
Honda Civic,2022,730958.3,43479 KM,Petrol,Manual,1.6,14.0
BMW X5,2012,420465.37,110342,CNG,Manual,2.0,25.7
Audi A3,2017,1275326.67,93519,Diesel,Automatic,2.2,13.0
Tata Punch,2019,250053.48,124894,Petrol,Manual,1.1,10.7
Ford Fiesta,2014,480646.92,138330,Petrol,Automatic,2.2,12.9
Mercedes-Benz E-Class,2022,3310818.63,64287,Petrol,Manual,2.9,
Ford Fiesta,2015,735023.77,78307,Electric,Manual,0.0,157.5
Mercedes-Benz GLC,2020,2883912.86,65156,CNG,Automatic,3.1,24.3
Toyota RAV4,2011,392726.91,174261,Electric,Automatic,0.0,169.7
BMW X3,2016,1489101.64,164112,Electric,Automatic,0.0,183.5
Hyundai i20,2013,153197.6,196151,Petrol,Automatic,1.3,14.6
Toyota RAV4,2018,449143.58,111560,Petrol,Automatic,1.5,11.8
BMW 5 Series,2023,3547122.22,43657,Petrol,Manual,3.3,9.3
Volkswagen Virtus,2011,137087.94,167980,Petrol,Manual,1.4,15.1
Maruti Suzuki Ertiga,2017,233249.69,99844,Diesel,Automatic,1.4,16.4
Volkswagen Taigun,2012,220590.19,142530,Petrol,Manual,1.6,12.2
Hyundai i20,2016,298806.51,79702,CNG,Automatic,1.5,21.5
Tata Harrier,2020,290197.7,92770,  Diesel ,Manual,1.2,14.0
Audi Q5,2010,396010.58,206037,Diesel,Manual,2.4,11.3
Maruti Suzuki Ertiga,2012,120000.0,206254,Diesel,Automatic,1.4,18.1
Mercedes-Benz GLE,2015,1258938.01,155088,Petrol,Automatic,2.5,7.7
Ford Endeavour,2015,504136.84,154282,Electric,Manual,0.0,164.4
Audi Q5,2018,1266439.83,"66,893 km",Hybrid,Automatic,1.6,22.2
Audi A4,2021,2736111.4,80425,Diesel,Manual,2.7,13.1
Honda Accord,2021,661821.86,64385,Hybrid,Manual,1.5,21.6
Tata Harrier,2014,226215.41,124073,Petrol,Automatic,1.9,9.3
Tata Punch,2012,120000.0,170120,Petrol,Automatic,1.3,16.3
Toyota RAV4,2023,1046778.58,25271,Hybrid,Manual,1.5,23.6
Audi A6,2008,463489.67,306810,Hybrid,Automatic,3.0,18.1
Audi A3,2011,390964.18,257534,Diesel,Automatic,1.6,13.6
Tata Nexon,2013,214314.85,109203,Diesel,Automatic,1.6,9.8
Audi A6,2024,2979874.53,18536,CNG,Manual,2.1,28.1
BMW 3 Series,2014,823315.53,168809,Petrol,Automatic,2.1,13.2
Ford Fiesta,2020,1164062.69,45043,Diesel,Manual,2.7,13.2
Maruti Suzuki Baleno,2014,120000.0,175652,Hybrid,Automatic,1.1,19.8
Toyota Camry,2016,304492.23,204881,Petrol,Automatic,1.5,15.2
Ford Endeavour,2014,384431.52,190714,Diesel,Automatic,2.0,13.2
Hyundai Creta,2020,382207.68,77593,Petrol,Automatic,1.3,15.6
BMW 5 Series,2023,3388588.04,27565,Diesel,Manual,2.3,12.8
BMW 1 Series,2024,5072877.59,34119,Petrol,Automatic,3.2,8.3
Toyota Corolla,2021,614728.04,81635,Diesel,Manual,1.4,18.1
Maruti Suzuki Brezza,2024,1195962.15,19603,Electric,Automatic,0.0,154.3
Honda Accord,2017,280717.83,119831,Diesel,Automatic,1.1,14.9
Toyota RAV4,2014,214792.3,"148,091 km",Petrol,Automatic,1.2,10.0
Audi A3,2021,2257232.5,43448,Diesel,Automatic,1.8,15.5
Tata Harrier,2008,120000.0,148690,Diesel,Manual,1.4,14.8
Maruti Suzuki Brezza,2008,120000.0,238076,Diesel,Automatic,1.8,12.3
Honda Accord,2016,275468.0,157909,Diesel,Manual,1.6,14.7
Ford Mustang,2022,1547015.94,68614 KM,Petrol,Manual,2.7,11.0
Volkswagen Taigun,2008,120000.0,135212,Diesel,Manual,1.4,15.6
Mercedes-Benz GLE,2017,1028109.24,124814,CNG,Automatic,1.6,21.4
Volkswagen Tiguan,2011,218390.89,184289,Diesel,Automatic,2.0,13.9
Mercedes-Benz GLE,2015,1981803.21,54734,Petrol,Automatic,3.8,7.5
Hyundai i20,2011,150350.82,"220,714 km",Hybrid,Automatic,1.6,18.4
Honda Civic,2015,239543.03,139473,Diesel,Manual,1.4,14.0
Ford Fiesta,2014,440531.61,103894,Petrol,Automatic,1.9,6.9
Audi A3,2024,3792663.98,28625,Diesel,Manual,2.4,12.3
Hyundai Creta,2010,120000.0,225689,Petrol,Manual,1.3,11.3
Maruti Suzuki Brezza,2021,304835.92,53037,Diesel,Manual,1.3,17.3
Tata Harrier,2021,505088.64,32413,CNG,Manual,1.8,24.1
Ford EcoSport,2012,449276.11,158451,Petrol,Automatic,2.8,9.4
Maruti Suzuki Baleno,2020,433589.52,51761,CNG,Automatic,2.0,26.0
Honda CR-V,2012,168041.55,203865,Diesel,Automatic,1.4,15.1
BMW X5,2020,1504660.41,65492,Petrol,Manual,1.7,12.0
Ford Mustang,2023,1734915.86,32799,Petrol,Manual,2.3,13.8
Tata Altroz,2021,706573.86,55113 KM,Diesel,Automatic,2.0,17.3
Maruti Suzuki Ertiga,2019,327681.5,80629,Diesel,Automatic,1.5,16.3
Hyundai Venue,2013,186097.12,157187,Petrol,Manual,1.6,14.9
Hyundai Verna,2021,460442.92,52943,Petrol,Manual,1.4,16.1
Mercedes-Benz E-Class,2012,648720.07,188781,Diesel,Automatic,2.2,7.2
Hyundai Verna,2018,311060.33,37171 KM,Diesel,Manual,1.3,18.5
Volkswagen Vento,2013,120000.0,146545,CNG,Manual,1.0,24.4
Toyota RAV4,2024,1004131.56,18011,Diesel,Automatic,1.4,18.3
Audi A6,2016,1229225.01,86357,Diesel,Manual,,13.7
Mercedes-Benz GLE,2021,4004842.25,57351,Petrol,Automatic,3.5,7.3
Audi A6,2023,4501771.89,26853,Diesel,Manual,2.8,12.4
BMW X3,2018,1992742.65,79691,Petrol,Automatic,2.8,9.8
Toyota Corolla,2017,292280.7,120078,Diesel,Manual,1.3,18.1
Toyota RAV4,2020,377350.65,103993,Petrol,Manual,1.2,14.0
Hyundai Creta,2008,120000.0,288562,CNG,Manual,1.4,21.4
Hyundai i20,2021,513972.63,72170,Petrol,Automatic,1.5,13.8
Hyundai Tucson,2013,272317.63,169486,Hybrid,Automatic,1.8,21.5
Honda Amaze,2016,197716.46,128219,Petrol,Manual,1.0,13.5
BMW X3,2017,1832059.99,130522,Diesel,Automatic,3.4,10.4
BMW 1 Series,2013,1263960.35,113471,Hybrid,Automatic,2.8,23.2
Honda CR-V,2024,894037.12,26459,Petrol,Automatic,1.2,11.3
Tata Punch,2022,371069.4,38525,Diesel,Manual,1.0,15.0
Tata Nexon,2019,282822.46,69381,Hybrid,Automatic,1.0,24.3
Tata Nexon,2012,120000.0,"216,938 km",Diesel,Automatic,1.4,18.0
BMW X3,2011,479871.36,242158 KM,Petrol,Manual,2.5,12.8
Honda CR-V,2009,123556.25,141918,Petrol,Manual,1.6,11.2
BMW X3,2020,3153746.22,19058,Petrol,Manual,3.9,10.1
Honda City,2022,905575.77,28169,Petrol,Manual,2.1,11.8
Tata Nexon,2012,120000.0,201558,Petrol,Manual,1.6,13.3
Audi A4,2008,707668.52,88271,Diesel,Manual,3.5,12.7
Volkswagen Vento,2015,196807.81,143799,Petrol,Manual,1.2,12.7
Volkswagen Tiguan,2011,225821.15,231966,Electric,Manual,0.0,151.2
Hyundai Tucson,2016,206912.48,117663,Petrol,Manual,1.3,10.6
BMW X5  ,2016,1707472.32,112410,Electric,Automatic,0.0,173.6
Honda CR-V,2014,322395.97,84412,Petrol,Automatic,1.6,15.5
BMW 5 Series,2022,2103157.84,57026,Diesel,Manual,1.9,12.8
Hyundai Tucson,2017,380161.06,118748,Diesel,Manual,2.1,12.5
Audi A3,2013,617311.08,65718,Petrol,Manual,,15.4
Maruti Suzuki Brezza,2013,120000.0,169218,CNG,Manual,1.5,27.5
Honda CR-V,2017,247426.21,119485,Diesel,Manual,1.1,16.8
Toyota Camry,2011,136320.79,154404,Petrol,Manual,1.2,15.4
Hyundai i20,2012,120000.0,211651,Diesel,Manual,1.5,14.3
Honda Accord,2008,120000.0,227939,Petrol,Manual,1.1,12.9
Honda CR-V,2014,236935.01,90589,Petrol,Manual,1.5,10.6
Volkswagen Virtus,2015,219323.84,36736,CNG,Manual,1.2,28.9
Mercedes-Benz A-Class,2013,554605.17,126970,Diesel,Manual,1.7,15.9
Tata Safari,2014,287718.73,130228,Electric,Manual,0.0,153.4
Honda City,2016,624774.05,60174,Hybrid,Automatic,2.2,18.8
Toyota Corolla,2024,1303518.2,33337,Petrol,Automatic,1.6,12.3
Toyota Fortuner,2011,155387.69,165616,Diesel,Manual,1.5,11.9
Maruti Suzuki Swift,2023,867844.43,11851,Electric,Manual,0.0,152.9
Audi Q3,2024,3886102.69,"42,955 km",Petrol,Automatic,2.1,15.4
Volkswagen Polo,2021,1157098.72,51529,  Electric ,Manual,0.0,169.5
Volkswagen Tiguan,2017,377016.35,72105,Petrol,Automatic,1.5,12.7
Toyota Camry,2019,316716.35,67478,Diesel,Manual,1.0,17.1
BMW X5,2008,252572.72,264723,Petrol,Manual,2.0,8.4
Audi A3,2008,431143.48,175015,Petrol,Manual,2.7,10.6
Toyota Fortuner,2022,1078093.71,53052,Diesel,Automatic,1.7,12.3
Honda City,2019,492915.57,107576,Diesel,Manual,1.7,15.8
Ford Fiesta,2021,1796564.17,"56,624 km",Electric,Automatic,0.0,160.0
BMW 1 Series,2024,4385130.27,38079,Petrol,Automatic,2.6,11.6
Toyota Camry,2017,352019.39,117869,Diesel,Automatic,1.5,14.1
Ford Fiesta,2010,231029.51,222653,Hybrid,Manual,2.2,25.2
Toyota Camry,2008,120000.0,141826,Petrol,Manual,1.7,10.9
Honda Civic,2013,244479.17,179161 KM,Diesel,Automatic,1.6,16.7
Mercedes-Benz GLE,2016,891823.42,143936,Petrol,Manual,1.9,10.5
Tata Altroz,2019,283239.63,95733,Petrol,Manual,1.3,15.4
Tata Nexon,2012,122419.68,103966,Diesel,Manual,1.3,17.8
BMW 3 Series,2011,567551.23,119005,CNG,Manual,2.5,18.8
Tata Harrier,2018,262965.27,125229,Petrol,Manual,1.4,10.7
Audi Q5,2021,1657916.6,55552,Petrol,Manual,1.8,
Maruti Suzuki Ertiga,2010,120000.0,254232,Diesel,Manual,1.6,9.9
Toyota RAV4,2014,174636.37,119653,CNG,Manual,1.2,23.8
Hyundai Tucson,2024,945197.76,30744,Petrol,Automatic,1.6,11.2
Tata Harrier,2009,120000.0,220172,Petrol,Automatic,1.7,13.3
Volkswagen Tiguan,2017,367091.1,147025,Diesel,Manual,1.5,16.8
Volkswagen Taigun,2020,624881.83,52061,Diesel,Automatic,1.4,15.3
Volkswagen Taigun,2009,120000.0,164314,Petrol,Automatic,1.2,16.1
BMW 5 Series,2021,2532804.63,68332,Diesel,Automatic,2.0,18.3
Maruti Suzuki Dzire,2013,120000.0,277557,Petrol,Manual,2.0,12.0
Mercedes-Benz E-Class,2022,3230947.91,21132,Petrol,Automatic,2.4,11.4
Mercedes-Benz GLC,2011,717367.3,205542,Electric,Manual,0.0,146.9
Audi Q3,2016,1382110.06,140313,Petrol,Manual,3.3,14.8
BMW 3 Series,2008,315736.89,142169,Petrol,Manual,2.2,10.7
Honda Amaze,2013,393139.25,64249,Electric,Manual,0.0,121.7
BMW X5,2012,680031.19,234099,Diesel,Manual,3.2,13.8
Mercedes-Benz C-Class,2019,2758393.75,48163,Petrol,Automatic,2.9,9.3
Hyundai Creta,2008,120000.0,225222,Petrol,Automatic,1.4,9.3
Tata Nexon,2021,604108.37,18228,Diesel,Manual,1.8,11.6
Audi Q3,2015,863295.15,124362,Petrol,Manual,2.2,10.5
Honda Amaze,2020,375050.68,67242,Diesel,Automatic,1.0,16.4
Ford Focus,2022,1788560.31,24561,Electric,Manual,0.0,193.4
Honda Amaze,2010,128560.12,206102,Diesel,Manual,1.5,14.4
Audi Q3,2016,1252751.38,74410,Petrol,Manual,2.7,12.2
Volkswagen Polo,2015,263206.44,175988,Petrol,Manual,1.8,9.8
Toyota Fortuner,2010,182818.06,94881,Diesel,Automatic,1.8,14.4
Mercedes-Benz GLC,2020,2792720.53,"75,685 km",Diesel,Automatic,3.0,11.3
Hyundai Venue,2017,283237.55,164477,Diesel,Manual,1.6,11.5
BMW X3,2014,1001482.87,92007,Petrol,Automatic,2.4,8.1
Toyota Fortuner,2018,404477.77,"90,561 km",Diesel,Manual,1.4,13.9
Honda CR-V  ,2014,200215.91,175296,Petrol,Automatic,1.5,10.3
Toyota Fortuner,2024,1556831.16,16488,Petrol,Automatic,1.9,13.4
Honda Civic,2023,876814.67,48208,,Automatic,1.6,12.4
Audi A3,2013,522372.35,171728,CNG,Manual,2.1,23.3
Tata Safari,2021,339875.92,47457,  Diesel ,Manual,1.3,15.2
Honda Accord,2015,296234.08,180474,Petrol,Automatic,1.7,14.7
Honda Accord,2010,171422.68,186482,Petrol,Automatic,2.1,12.6
Mercedes-Benz GLE,2012,1200929.1,59739,Petrol,Manual,3.3,9.4
Volkswagen Tiguan,2014,253577.96,192631,Petrol,Manual,1.7,8.8
BMW 1 Series,2024,5932955.05,17354,CNG,Automatic,3.3,22.7
BMW 5 Series,2018,1151936.91,114418,CNG,Manual,2.1,21.5
Honda Accord,2019,922453.24,67190,Hybrid,Automatic,1.9,20.4
Maruti Suzuki Baleno,2018,252817.56,114256,Diesel,Manual,1.8,16.3
Honda Civic,2024,757908.82,31182,Diesel,Automatic,1.1,18.9
Tata Altroz,2021,433489.26,86133,Petrol,Automatic,1.3,14.7
Audi Q5,2023,2308220.42,18123,Petrol,Manual,1.9,12.8
Audi A3,2021,2663869.91,63330,Petrol,Automatic,2.6,10.3
Audi Q5,2018,1251813.25,121911,Diesel,Manual,2.5,14.0
Maruti Suzuki Swift,2019,321349.9,40431,Petrol,Automatic,1.6,11.6
Toyota Fortuner,2023,1615537.57,15339,Diesel,Automatic,,12.6
Mercedes-Benz E-Class,2020,1923961.45,81216,CNG,Manual,2.6,18.5
Mercedes-Benz E-Class,2018,1671678.18,103070,CNG,Automatic,2.3,24.5
Mercedes-Benz A-Class,2018,1136894.25,78674,Diesel,Manual,1.6,15.6
Ford Endeavour,2013,445766.78,179717,Hybrid,Manual,2.6,21.6
Ford EcoSport  ,2012,328044.14,272551,Diesel,Automatic,2.6,11.4
Tata Nexon,2020,707342.96,93528,Petrol,Automatic,2.3,7.2
Mercedes-Benz C-Class,2016,1254428.19,65658,Petrol,Automatic,2.3,
Tata Nexon,2023,591527.16,44023,Diesel,Automatic,1.3,14.0
Volkswagen Vento,2013,163978.85,144215,Petrol,Manual,1.3,14.3
Maruti Suzuki Dzire,2010,120000.0,293573,Diesel,Automatic,1.4,15.8
Toyota Fortuner,2020,1447927.69,33706,Electric,Automatic,0.0,158.3
Volkswagen Virtus,2009,120000.0,246501,Petrol,Manual,1.0,13.0
BMW X5,2010,360027.01,193640,Diesel,Automatic,1.6,15.6
Mercedes-Benz A-Class,2009,271008.32,239050,Diesel,Manual,1.6,14.9
Honda Civic,2018,467089.74,"108,292 km",Diesel,Manual,1.6,16.3
Hyundai Creta,2008,120000.0,"244,180 km",Diesel,Automatic,1.0,13.7
Maruti Suzuki Brezza,2018,224588.32,150861,Diesel,Automatic,1.5,13.4
BMW 3 Series,2016,1270857.83,174793,Petrol,Manual,2.8,9.5
Honda Civic,2018,396336.61,32661,CNG,Automatic,1.4,19.3
BMW 1 Series,2023,4415241.96,20436,CNG,Manual,3.3,21.8
Mercedes-Benz GLE,2013,890715.56,200467,Hybrid,Automatic,2.7,20.6
Toyota Fortuner,2024,1058276.73,26729,Petrol,Manual,1.6,12.7
Volkswagen Taigun,2018,561985.91,61877,Hybrid,Manual,1.8,22.3
Audi Q3,2010,556054.14,131348,Diesel,Manual,2.4,12.2
Ford Fiesta,2020,1079243.95,77264,Hybrid,Automatic,1.7,25.7
Maruti Suzuki Baleno,2022,380199.69,40588,Petrol,Manual,1.4,15.7
Audi Q5,2016,1541605.35,151165,Petrol,Automatic,,13.8
Toyota Camry,2015,297980.67,120913,Petrol,Automatic,1.4,13.3
BMW X5,2018,1213298.49,122262,Diesel,Manual,2.7,10.5
Honda City,2013,232196.93,239660,Hybrid,Manual,1.8,20.4
Mercedes-Benz GLE,2011,316753.02,193485,CNG,Manual,1.6,21.7
Honda CR-V,2019,877639.2,99433,Electric,Automatic,0.0,177.9
Audi Q3,2009,620997.2,96723,Petrol,Automatic,2.8,11.6
BMW 3 Series,2012,707204.86,195093,Petrol,Manual,2.8,10.8
Volkswagen Virtus,2012,199518.83,165561,Diesel,Automatic,1.7,15.5
Ford EcoSport,2019,1170616.95,71718,Diesel,Manual,3.1,10.4
Honda Civic,2011,125671.51,183777,Petrol,Automatic,1.3,15.6
Honda Amaze,2011,160529.15,183186,Petrol,Manual,1.7,17.8
Toyota RAV4,2022,1519098.11,38657,Electric,Manual,0.0,126.5
Hyundai Verna  ,2012,130856.46,148870,Diesel,Manual,1.2,12.8
Mercedes-Benz C-Class,2009,463948.1,280313,Electric,Manual,0.0,163.1
BMW 1 Series,2010,363750.6,158989,Diesel,Manual,1.8,18.2
Volkswagen Vento,2020,451518.46,71138,Petrol,Manual,1.2,13.6
Audi Q5,2018,1699852.07,105596,,Manual,2.8,14.4
Ford Mustang,2010,155021.54,163899,Diesel,Manual,1.6,15.9
Audi Q5,2016,729382.87,113080,Diesel,Manual,1.6,17.0
Audi Q3,2014,1023736.12,84144,CNG,Automatic,2.6,25.0
Ford EcoSport,2018,584431.89,43628,Petrol,Automatic,1.6,8.9
Volkswagen Polo,2016,556300.55,11665,Diesel,Automatic,1.9,13.6
Hyundai Verna,2015,194311.14,105325,CNG,Manual,1.3,23.5
Volkswagen Polo,2021,505986.53,72115,Petrol,Manual,1.2,13.3
Tata Safari,2019,333977.11,"58,951 km",Diesel,Manual,1.3,16.9
Hyundai Verna,2020,362824.58,107733,Hybrid,Manual,1.2,21.0
Tata Harrier,2010,166261.76,57555,Hybrid,Automatic,1.6,20.8
BMW X3,2024,2820977.76,25268,Diesel,Automatic,1.6,17.2
Tata Safari,2020,274433.08,103952,Petrol,Automatic,1.0,10.1
Audi A3,2012,550567.71,213345,,Manual,2.5,12.2
Tata Harrier,2016,240002.11,178875,Diesel,Automatic,1.6,14.0
Ford Focus,2016,619737.99,163205,Diesel,Manual,2.8,9.6
Volkswagen Polo,2011,204061.11,180460,CNG,Automatic,2.0,22.5
Toyota Yaris,2024,2016785.67,22545,Electric,Manual,0.0,166.2
Ford Endeavour,2020,1443469.73,"78,091 km",Diesel,Manual,3.1,9.3
Tata Safari,2017,221494.02,136046 KM,Petrol,Automatic,1.6,10.1
Honda City,2024,1044830.44,15298,Petrol,Automatic,1.6,12.7
Honda Accord,2022,877586.0,51291,Petrol,Manual,2.1,12.4
BMW X5,2015,1120682.19,99711,Petrol,Automatic,2.5,9.4
Maruti Suzuki Swift,2017,230430.49,161584,Petrol,Manual,2.1,10.9
Volkswagen Tiguan,2019,625406.8,61929 KM,Petrol,Automatic,1.6,11.0
Honda City,2018,295677.38,96581,Petrol,Automatic,1.0,13.7
Hyundai Verna,2024,989634.43,23934,Petrol,Manual,2.0,13.0
Maruti Suzuki Brezza,2024,569748.43,22382,CNG,Manual,1.9,24.2
Maruti Suzuki Dzire,2010,120000.0,205134,Diesel,Automatic,1.5,14.3
Tata Altroz,2023,634658.83,34412,Petrol,Automatic,1.7,16.1
Maruti Suzuki Dzire,2009,120000.0,173545,Petrol,Manual,1.2,13.1
Ford Fiesta,2015,526458.6,164240,Electric,Manual,0.0,134.0
Ford Focus,2017,517925.99,133290,Petrol,Manual,2.1,12.0
Audi Q3,2022,3473526.39,55577,Hybrid,Automatic,2.3,22.7
Volkswagen Taigun,2011,140581.14,172499,Diesel,Automatic,,15.5
BMW X3,2021,2309533.13,84571,Hybrid,Automatic,2.0,19.4
BMW 5 Series,2008,278004.93,170272,Petrol,Manual,2.1,10.3
Honda Accord,2021,741353.26,30013,Diesel,Manual,1.8,10.6
Audi Q3,2017,1834271.05,101222 KM,Diesel,Automatic,2.7,12.3
Audi A4,2021,2837069.79,"75,617 km",Diesel,Manual,2.9,9.1
Mercedes-Benz E-Class,2017,1591391.88,126889 KM,Diesel,Automatic,2.2,16.1
BMW 3 Series,2013,527590.36,162880,Diesel,Manual,1.6,13.0
Mercedes-Benz A-Class,2023,3046830.3,42824,Petrol,Automatic,2.1,11.8
Maruti Suzuki Dzire,2011,120000.0,252999,Diesel,Manual,1.2,14.4
Hyundai Creta,2009,204145.49,234008,Electric,Automatic,0.0,149.6
Audi A3,2022,1813555.44,"21,248 km",Diesel,Manual,1.6,13.9
Toyota Corolla  ,2013,222499.84,122627,Petrol,Manual,1.5,16.9
Audi A6,2008,302335.71,288832,Electric,Manual,0.0,122.9
Ford Endeavour,2021,1797689.99,71566,Diesel,Automatic,3.0,11.9
Tata Nexon,2023,535638.67,51472,Diesel,Automatic,1.3,19.3
Maruti Suzuki Baleno,2010,148961.98,222325,Electric,Automatic,0.0,167.3
Hyundai Venue,2011,134295.77,186754,CNG,Manual,1.9,24.9
Toyota Camry,2022,723748.6,40148,Diesel,Manual,1.4,15.0
Tata Nexon,2024,797901.11,28646,Diesel,Manual,1.7,16.2
Honda Civic,2021,1052718.3,33758,Diesel,Automatic,1.9,12.4
BMW 1 Series,2019,1521146.99,114653,Petrol,Automatic,2.1,12.4
Maruti Suzuki Ertiga,2015,120000.0,98319,Petrol,Automatic,1.2,12.6
Mercedes-Benz GLE,2018,2014333.8,78069,Electric,Manual,0.0,172.3
Toyota RAV4,2015,689009.2,66029,Electric,Automatic,0.0,153.6
BMW X3,2016,802559.12,120037,Diesel,Manual,1.7,10.0
Mercedes-Benz A-Class,2011,742145.99,120328,Diesel,Manual,,14.7
Tata Punch,2014,164813.55,169115,CNG,Manual,1.5,22.7
Hyundai Venue,2012,258848.57,97038,Diesel,Automatic,1.9,13.8
Hyundai Creta,2022,452207.86,45999,Petrol,Manual,1.1,15.1
Audi Q3,2015,1142345.55,130314,Petrol,Automatic,2.6,10.4
BMW X3,2024,3312415.78,18754,  Petrol ,Manual,2.2,8.4
Ford EcoSport,2015,459048.57,117223,Hybrid,Manual,1.6,22.7
Audi Q3,2016,1623839.64,84604,Petrol,Automatic,2.9,7.7
Hyundai Creta,2017,268462.65,128391,Petrol,Manual,1.5,10.9
BMW 3 Series,2015,1212181.1,83668,Hybrid,Manual,2.6,21.5
Ford Fiesta,2012,417976.91,162726,Petrol,Manual,3.1,7.8
Audi Q5,2020,1777129.69,12519,,Manual,2.1,25.3
BMW X5,2010,372667.88,226363,Hybrid,Automatic,1.6,22.4
Toyota RAV4,2024,974713.91,16591,Petrol,Manual,1.4,11.1
BMW X3,2009,393596.69,222758,Petrol,Automatic,2.3,9.3
Ford Fiesta,2016,762407.09,105813,Electric,Manual,0.0,178.2
Hyundai Venue,2015,276881.02,105190,Diesel,Automatic,1.5,15.7
Volkswagen Polo,2013,221331.8,156838,Petrol,Automatic,1.5,11.7
Maruti Suzuki Ertiga,2008,120000.0,154013,Petrol,Manual,1.5,10.6
Tata Harrier,2024,719657.97,28228,Diesel,Manual,1.5,12.5
Hyundai Verna,2013,120000.0,189661,Diesel,Manual,1.1,15.8
Maruti Suzuki Brezza,2020,333465.85,"102,804 km",Diesel,Manual,1.6,13.9
Maruti Suzuki Swift,2021,506264.07,22045,Diesel,Automatic,1.7,14.8
Honda Civic,2010,173623.52,170503,Diesel,Automatic,1.8,14.4
Toyota Yaris,2011,125994.45,248363,CNG,Manual,1.6,25.7
Ford EcoSport,2013,467921.29,228112,Petrol,Automatic,3.1,9.6
Honda Amaze,2021,456278.47,52934,Diesel,Automatic,1.0,15.3
Audi Q3,2015,666940.58,111870,CNG,Manual,1.7,27.9
Tata Harrier,2012,127527.82,75051,Petrol,Automatic,1.3,11.6
Ford EcoSport,2023,1672597.74,29584,Petrol,Manual,,9.1
Audi Q3,2009,672162.74,95069,Diesel,Automatic,3.0,13.4
Hyundai Tucson,2020,689202.38,94856,Petrol,Automatic,2.2,9.0
Volkswagen Taigun,2013,120000.0,188374,Petrol,Automatic,1.0,13.5
Toyota RAV4,2014,153296.87,171840,Diesel,Manual,1.0,16.7
Mercedes-Benz GLE,2016,1254252.41,233729,Diesel,Automatic,2.7,12.3
Tata Nexon,2008,158498.46,171601,Electric,Automatic,0.0,138.5
Audi A4,2011,648870.35,138537,Petrol,Manual,3.1,8.3
Tata Harrier,2015,145975.88,224091,Petrol,Manual,1.5,12.3
Ford Focus,2018,702170.58,79934,CNG,Automatic,2.0,25.3
Toyota Fortuner,2016,265731.35,97523,Petrol,Manual,1.3,15.4
Mercedes-Benz A-Class,2020,2522974.8,60228,Diesel,Manual,3.1,12.1
Ford Fiesta,2016,442691.19,129789,Petrol,Automatic,1.8,14.9
Volkswagen Virtus,2012,242152.38,210800,Diesel,Manual,2.2,16.8
Maruti Suzuki Dzire,2022,492345.78,48898,Petrol,Manual,1.9,14.5
Toyota Fortuner,2012,192828.95,70626,Petrol,Manual,1.4,15.2
Hyundai Tucson,2008,120000.0,206365,Hybrid,Manual,1.5,18.5
Maruti Suzuki Ertiga,2015,145475.01,130196,Petrol,Manual,1.5,12.0
Maruti Suzuki Ertiga,2011,120000.0,100996,CNG,Automatic,1.4,24.2
Mercedes-Benz GLE,2024,4878513.41,37712,Diesel,Manual,3.1,10.8
Maruti Suzuki Baleno,2023,443602.32,40429,Diesel,Automatic,1.3,17.6
Toyota Camry,2011,121350.08,210404,Diesel,Manual,1.3,13.2
Maruti Suzuki Swift,2014,120000.0,268132,Diesel,Automatic,1.3,15.5
Honda Accord,2015,231190.11,139223,Hybrid,Manual,1.2,26.5
Maruti Suzuki Swift,2013,138609.06,174860,Hybrid,Manual,1.9,20.6
Tata Punch,2019,425113.29,72416,Hybrid,Automatic,1.3,22.9
Volkswagen Virtus,2013,217126.85,65859,Diesel,Manual,1.6,12.8
Hyundai Verna,2014,188449.66,163153,Petrol,Manual,1.4,12.0
Honda Civic,2014,193293.75,"136,073 km",Petrol,Automatic,1.3,13.7
Hyundai Creta,2009,120000.0,165610,Petrol,Manual,1.8,12.9
Hyundai Creta,2023,758633.0,33307,Petrol,Manual,1.7,10.4
Mercedes-Benz GLE,2017,1236292.43,68666,Petrol,Manual,2.0,13.2
Ford Mustang,2016,669950.03,84043,Diesel,Manual,2.5,10.7
Maruti Suzuki Baleno,2018,242346.61,97367,Diesel,Automatic,1.7,12.2
Volkswagen Taigun,2018,707966.62,74046,CNG,Automatic,2.5,22.8
Audi Q3,2010,521252.78,210363,Petrol,Automatic,2.8,10.4
Volkswagen Taigun,2020,504072.32,71747,Diesel,Manual,1.4,13.7
BMW 5 Series,2012,369132.22,195162,Petrol,Manual,1.6,10.8
BMW 3 Series,2015,1289826.01,132503,Petrol,Automatic,2.7,8.4
Mercedes-Benz GLC,2022,3293834.89,66427,Petrol,Manual,2.9,11.3
BMW 1 Series,2008,452546.55,"233,250 km",Petrol,Manual,3.3,8.5
Maruti Suzuki Ertiga,2010,120000.0,243976 KM,CNG,Automatic,2.0,30.4
Mercedes-Benz A-Class,2015,1188638.33,96801,Petrol,Manual,3.0,14.0
Honda Civic,2015,215288.3,162087,Petrol,Manual,1.5,13.4
Volkswagen Vento,2010,120000.0,294592,Diesel,Automatic,1.3,14.1
Maruti Suzuki Ertiga,2023,384610.55,29187,Petrol,Manual,1.3,12.2
Volkswagen Vento,2013,225416.7,137615,Diesel,Automatic,1.4,15.5
Honda Civic,2020,1265761.49,52854,Electric,Automatic,0.0,159.6
Maruti Suzuki Dzire,2020,220697.38,77762,Petrol,Manual,1.3,11.2
Volkswagen Tiguan,2008,189873.72,221961,Electric,Manual,0.0,154.1
Audi Q5,2008,528303.97,122267,Diesel,Automatic,2.5,15.3
Hyundai Creta,2009,122447.3,170265,Petrol,Manual,1.8,10.0
Mercedes-Benz E-Class,2014,592457.9,145052,Petrol,Manual,2.0,9.4
Volkswagen Virtus,2013,192688.64,191021,Diesel,Manual,1.5,18.0
Toyota Yaris,2016,258522.77,115758,Diesel,Manual,1.3,16.4
Tata Nexon,2011,120000.0,265367,Petrol,Automatic,1.0,16.6
Toyota Yaris,2020,983784.3,99426,Diesel,Automatic,2.1,14.6
Mercedes-Benz E-Class,2008,331331.62,227756,Petrol,Automatic,2.1,14.5
BMW 5 Series,2009,501842.22,149904,Electric,Manual,0.0,173.8
Audi A3,2020,2327115.74,"56,844 km",Petrol,Automatic,2.6,12.5
BMW 1 Series,2020,2045005.68,"72,998 km",CNG,Manual,2.8,22.5
Volkswagen Polo,2013,197084.71,56338,Petrol,Automatic,1.0,13.5
Honda Civic,2022,1430395.5,63569,Electric,Automatic,0.0,169.0
Hyundai Verna,2022,1534625.18,40878,Electric,Automatic,0.0,176.1
Honda Accord,2012,130936.72,100911,Diesel,Automatic,1.0,14.7
Tata Safari,2018,271059.49,106182,CNG,Manual,1.6,23.1
Hyundai i20,2009,120000.0,"163,350 km",,Automatic,1.3,13.6
Tata Safari,2009,120000.0,140111,Petrol,Manual,1.2,11.2
BMW 1 Series,2013,607425.43,124362,Petrol,Manual,2.0,11.8
Hyundai Venue,2024,906078.62,28506,Petrol,Automatic,1.5,14.1
Toyota Corolla,2015,270938.68,171822,Petrol,Manual,1.7,10.4
Tata Altroz,2019,454689.88,37885,Petrol,Manual,1.8,11.3
Mercedes-Benz GLC,2021,3423208.18,49567,Petrol,Manual,3.4,10.8
Audi Q3,2019,1700769.06,124496,  Diesel ,Automatic,2.2,14.1
Audi Q5,2014,1114739.58,160788,Diesel,Automatic,2.8,10.4
Honda Accord,2023,875828.37,46683,Petrol,Automatic,1.5,13.8
Toyota Camry,2011,204266.65,132897,Petrol,Automatic,1.5,13.5
Ford Focus,2021,1942610.99,49492,Diesel,Automatic,3.4,11.8
Ford Mustang,2011,338805.17,129376,Petrol,Manual,2.7,8.3
Mercedes-Benz GLE,2016,1079581.19,75254,Petrol,Automatic,1.7,10.5
Volkswagen Tiguan,2018,407671.56,95382 KM,Petrol,Automatic,1.5,
Maruti Suzuki Swift,2011,120000.0,241861,Diesel,Automatic,1.0,14.9
Toyota Yaris,2024,1223622.8,18196,Petrol,Manual,1.7,18.1
BMW 1 Series,2016,1238253.17,94826,Petrol,Automatic,2.5,7.6
Honda Accord,2009,120000.0,123629,Petrol,Manual,1.2,15.1
Audi Q5,2012,1131755.73,82586,Diesel,Automatic,3.2,9.2
Audi A6,2022,2449828.29,55692,Petrol,Manual,2.1,8.1
Mercedes-Benz E-Class,2022,4511612.8,67452,CNG,Manual,3.9,25.6
Mercedes-Benz GLE,2014,1267661.76,132289,CNG,Automatic,3.4,20.1
Audi A4,2012,455072.47,146491,CNG,Manual,1.9,16.8
Ford Focus,2021,1322236.08,65332,Electric,Manual,0.0,163.2
Ford EcoSport,2014,287934.7,149951,Diesel,Manual,1.6,12.0
BMW X5,2009,437355.46,309167,Petrol,Manual,3.3,8.1
Maruti Suzuki Dzire,2021,362895.57,37853,Diesel,Manual,1.7,13.2
Tata Safari,2014,147006.25,106477,Diesel,Manual,1.3,13.8
Hyundai i20,2021,496718.87,72780,Petrol,Manual,1.5,13.5
Volkswagen Vento,2018,270530.03,102794,Diesel,Manual,1.0,15.2
BMW X5,2013,544683.68,63792,Diesel,Manual,1.6,16.6
Audi A4,2022,2760428.79,67086,Petrol,Manual,2.6,9.2
Mercedes-Benz E-Class,2019,2148774.59,56585,Hybrid,Manual,2.4,25.0
BMW 1 Series,2013,856524.65,171477,Diesel,Automatic,2.5,9.8
Volkswagen Vento,2020,435473.76,70553,Diesel,Automatic,1.1,15.4
Tata Safari,2012,124340.2,137833,Diesel,Manual,1.6,14.3
Mercedes-Benz GLE,2020,1735299.68,78310,Petrol,Automatic,1.9,17.3
Toyota Fortuner,2021,432590.65,61959,Petrol,Manual,1.0,13.7
BMW X5,2014,646870.87,203025,Hybrid,Automatic,1.7,22.0
BMW X3,2015,1174795.76,183760,Diesel,Automatic,2.7,11.1
Tata Harrier,2024,1129933.6,30259,Petrol,Automatic,2.2,15.1
Audi Q5,2019,1046571.26,131220,Diesel,Manual,1.6,13.0
Honda CR-V,2011,133149.68,73330,CNG,Automatic,1.2,27.2
BMW X3,2011,821202.76,"135,075 km",CNG,Automatic,3.0,25.3
Maruti Suzuki Swift,2013,120000.0,95422,Petrol,Manual,1.5,12.5
Toyota RAV4,2015,329766.95,179895,Petrol,Automatic,1.7,12.4
Maruti Suzuki Swift,2015,323068.06,69429,Electric,Automatic,0.0,157.2
Volkswagen Taigun,2018,539914.71,101140,Diesel,Automatic,1.8,13.9
Maruti Suzuki Swift,2008,120000.0,241600,Petrol,Manual,1.6,14.4
BMW X3  ,2016,1040069.95,127718,Petrol,Manual,2.3,10.4
Ford EcoSport,2011,291312.78,240844,Electric,Automatic,0.0,175.4
Tata Safari,2008,120000.0,34263,CNG,Manual,1.4,21.9
Audi Q3,2016,1252649.97,135603,Petrol,Automatic,2.6,8.7
Volkswagen Polo,2013,289982.27,202463,Diesel,Manual,2.1,12.3
Mercedes-Benz C-Class,2024,3225945.72,21758,Petrol,Manual,2.1,15.3
BMW 5 Series,2013,833379.34,124182,Petrol,Manual,3.2,9.2
BMW 5 Series  ,2010,525959.47,231914,Diesel,Manual,2.7,14.7
Honda CR-V,2016,202420.73,160929,Diesel,Automatic,1.0,20.1
BMW X3,2018,1369743.01,114528,Petrol,Manual,2.3,13.4
BMW 5 Series,2022,3482413.75,37369,Diesel,Automatic,2.7,12.4
Hyundai Creta,2012,120000.0,174296,Petrol,Manual,1.3,13.9
Volkswagen Virtus,2009,123704.94,240223,Diesel,Manual,1.8,17.7
Audi Q5,2017,1548027.04,105724,Petrol,Manual,2.8,9.1
Honda Amaze,2019,489577.08,64065,Diesel,Manual,1.6,15.7
Toyota Camry,2015,286852.85,115879,Diesel,Manual,1.6,18.3
Mercedes-Benz GLE,2013,874429.02,197214,Petrol,Manual,3.0,10.6
Honda City,2011,304675.78,179658,Electric,Automatic,0.0,178.8
BMW 3 Series,2019,2024609.74,82483,Petrol,Automatic,2.4,12.3
Toyota RAV4,2018,534889.4,110771,Petrol,Manual,1.7,15.7
BMW 1 Series,2016,1974640.61,128798,Petrol,Automatic,3.7,6.3
Mercedes-Benz E-Class,2010,454441.48,190696,Petrol,Automatic,2.1,10.1
Maruti Suzuki Ertiga,2016,154338.6,141427,Diesel,Manual,1.3,16.2
Toyota RAV4,2010,142228.47,149732,CNG,Manual,1.6,25.7
Audi Q5,2011,577136.49,178431,Petrol,Automatic,2.7,8.4
Tata Punch,2024,854732.52,"20,238 km",Petrol,Manual,1.8,12.7
Volkswagen Vento,2011,123297.65,242715,Diesel,Manual,1.4,12.5
Ford EcoSport  ,2018,930991.58,140485,Electric,Automatic,0.0,151.2
Toyota Camry,2020,1417158.71,74951,Electric,Automatic,0.0,179.2
Maruti Suzuki Dzire,2011,120000.0,201670,Petrol,Manual,1.6,13.7
Honda City,2020,409435.53,97231,Petrol,Manual,1.2,14.3
Honda Amaze,2015,273138.88,110333 KM,Petrol,Automatic,1.5,12.5
Mercedes-Benz C-Class,2022,3561456.64,42841,Diesel,Manual,2.8,11.4
Mercedes-Benz E-Class,2019,1602545.05,123256,Diesel,Manual,2.1,10.9
Maruti Suzuki Baleno,2021,237798.95,70097,Petrol,Manual,1.0,19.7
Tata Safari,2009,120000.0,"252,037 km",Diesel,Manual,1.1,17.4
Audi A6,2021,1750968.82,37157,Diesel,Automatic,1.6,15.2
Volkswagen Tiguan,2015,244024.07,158839,Diesel,Automatic,1.1,18.4
Hyundai Creta,2017,282043.94,98538 KM,Diesel,Manual,1.4,
BMW 3 Series,2015,1085941.07,"155,444 km",Electric,Manual,0.0,155.3
Toyota RAV4,2022,971436.33,64309,Hybrid,Manual,1.7,19.6
Maruti Suzuki Baleno,2013,120000.0,69945,Diesel,Automatic,1.2,15.4
Hyundai i20,2013,126520.3,202284,Diesel,Manual,1.4,16.9
Mercedes-Benz A-Class,2009,298416.66,316462 KM,Petrol,Manual,2.4,7.0
Mercedes-Benz GLE,2020,1993599.46,44098,Diesel,Manual,2.1,14.8
Audi A6,2016,1443999.84,"113,224 km",CNG,Manual,3.6,
Hyundai Venue,2012,132601.09,146819,Diesel,Manual,1.2,13.7
Volkswagen Tiguan,2010,120000.0,131293,Diesel,Manual,1.2,14.9
Mercedes-Benz GLC,2008,467354.55,215357,Diesel,Automatic,2.5,12.5
Toyota Camry,2014,411004.5,14541,Diesel,Automatic,1.7,17.5
Honda Civic,2023,702510.52,13872,Diesel,Manual,1.4,19.6
Audi Q5,2022,4527951.01,36227,Diesel,Automatic,,7.9
Hyundai Creta,2010,122244.43,211963,Diesel,Manual,1.7,11.8
Hyundai Verna,2023,909487.23,36314,Petrol,Automatic,1.7,
Tata Altroz,2022,467389.48,48397 KM,Petrol,Automatic,1.6,11.1
Mercedes-Benz GLE,2017,1200708.25,110112,Petrol,Manual,2.0,14.4
Tata Punch,2020,417596.88,23314,Petrol,Manual,1.5,14.4
Toyota Yaris,2013,205967.29,195950,Diesel,Manual,1.4,16.0
Volkswagen Virtus,2009,120000.0,210087,Petrol,Automatic,1.2,13.8
Mercedes-Benz E-Class,2017,2050513.16,143513,Petrol,Automatic,3.3,10.0
Honda CR-V,2020,584477.44,70544,Diesel,Manual,1.6,15.5
Maruti Suzuki Swift,2008,120000.0,211570,  Diesel ,Manual,1.4,17.3
Ford Endeavour,2011,305948.75,92441,Petrol,Automatic,2.1,12.2
Mercedes-Benz C-Class,2017,2268619.62,93023,Petrol,Automatic,3.2,10.3
BMW 1 Series,2012,771476.24,121579,Diesel,Automatic,2.6,12.7
Hyundai Tucson,2020,912519.01,104549,Electric,Automatic,0.0,163.2
Mercedes-Benz GLE,2023,4560636.43,51622,Petrol,Automatic,2.7,11.7
Maruti Suzuki Swift,2016,179976.2,81076,Petrol,Manual,1.4,
Ford Focus,2009,266582.37,240220,Diesel,Automatic,2.8,14.1
Ford Mustang,2015,439696.5,170385,Petrol,Manual,2.3,10.6
Honda Amaze,2015,307167.32,115069,Petrol,Automatic,1.5,11.4
Mercedes-Benz C-Class,2016,1688392.2,98257,Diesel,Manual,2.9,12.2
Maruti Suzuki Ertiga,2015,120000.0,108493,Diesel,Manual,1.0,15.4
BMW 5 Series,2022,3278427.07,61016,Petrol,Automatic,2.9,9.7
Honda Amaze,2011,120000.0,191854,Petrol,Manual,1.0,16.2
Mercedes-Benz E-Class,2011,566216.4,209365,Petrol,Manual,2.3,
Honda City,2015,311269.06,201689,Diesel,Automatic,1.7,15.1
Toyota Fortuner,2019,668917.0,63971,Petrol,Manual,,14.0
Mercedes-Benz GLC  ,2015,1097017.62,67124,Petrol,Automatic,2.2,13.1
Ford Mustang,2018,841017.88,92169,Diesel,Automatic,2.4,14.0
Hyundai Tucson,2009,120000.0,"205,414 km",CNG,Automatic,1.6,23.3
Tata Punch,2018,191704.57,132686 KM,Petrol,Manual,1.1,11.8
Hyundai Tucson,2021,804175.94,67288,Diesel,Automatic,2.1,17.7
Toyota Camry,2021,657314.15,61384,Hybrid,Manual,1.3,21.5
Volkswagen Tiguan,2021,633065.61,49128 KM,Diesel,Automatic,1.2,16.2
Honda Accord,2015,329681.46,198634,Diesel,Manual,2.1,12.4
Tata Nexon,2014,195562.74,166547 KM,Petrol,Automatic,1.6,12.9
Ford Mustang,2008,157390.41,265070,Diesel,Manual,2.2,15.6
Maruti Suzuki Brezza,2011,120000.0,182316,Petrol,Automatic,1.7,13.6
Ford Fiesta,2008,268189.4,152622,Diesel,Automatic,2.5,12.2
Toyota Camry,2017,390960.86,110200,Diesel,Manual,1.6,14.8
Honda Civic,2009,128481.89,194051,Diesel,Automatic,1.6,14.2
Ford Mustang,2012,540823.98,107849,Diesel,Automatic,2.9,12.1
Maruti Suzuki Brezza,2012,120000.0,106322,Petrol,Manual,1.4,13.3
Tata Punch,2012,211952.96,155408,Petrol,Automatic,2.4,12.6
BMW X3,2008,329231.37,"136,670 km",Petrol,Manual,2.1,9.7
Mercedes-Benz E-Class  ,2017,1854521.05,109143 KM,Hybrid,Manual,2.8,20.6
Maruti Suzuki Baleno,2022,393435.57,76717,CNG,Manual,1.5,26.3
Toyota RAV4,2017,327135.14,120288,Petrol,Manual,1.4,18.1
Hyundai Verna,2015,226947.63,219762,Petrol,Automatic,1.6,13.8
Tata Harrier,2013,120000.0,"199,139 km",Petrol,Manual,1.1,14.2
Toyota Yaris,2009,120000.0,318943,Diesel,Manual,1.3,14.8
Mercedes-Benz E-Class,2021,3033526.91,53623,Petrol,Automatic,2.5,9.3
Toyota RAV4,2022,936078.88,52825,Diesel,Automatic,1.7,13.0
BMW 3 Series,2010,654394.43,210675,Diesel,Manual,3.5,7.6
Tata Harrier,2018,257996.83,120729,Petrol,Manual,1.5,13.9
BMW X5,2020,2979452.01,104768,Petrol,Automatic,3.3,11.5
Maruti Suzuki Dzire,2019,182862.29,74216,CNG,Manual,1.3,27.0
Mercedes-Benz GLE,2009,521475.97,"207,952 km",CNG,Automatic,3.2,29.7
Toyota RAV4,2020,619857.24,136618,Diesel,Automatic,1.3,14.3
Tata Harrier,2018,225497.08,"159,707 km",Diesel,Manual,1.3,18.1
Tata Nexon,2008,120000.0,116097,Petrol,Automatic,1.2,12.5
Hyundai Venue,2021,495776.87,70332,Petrol,Manual,1.5,15.0
Tata Altroz,2019,426638.96,98531,Petrol,Manual,2.1,12.4
Hyundai Verna,2014,367493.19,"165,697 km",Electric,Automatic,0.0,181.3
Audi A6,2024,2621860.77,27241,Petrol,Manual,1.7,11.1
Tata Punch,2017,392603.68,110547,Hybrid,Automatic,1.8,22.8
Hyundai Creta,2023,625856.29,39061,Diesel,Manual,1.2,18.6
Toyota Fortuner,2008,120000.0,173275,Petrol,Automatic,1.5,12.7
Toyota RAV4,2017,433139.31,114814,Diesel,Manual,2.0,14.5
Volkswagen Tiguan,2020,451207.65,97693,Petrol,Manual,1.6,13.6
Hyundai Tucson,2013,198025.02,109468,Diesel,Manual,,15.5
Audi Q3,2015,1218496.76,39435,Petrol,Manual,2.4,14.2
Hyundai i20,2012,162900.26,223590,CNG,Automatic,1.8,20.3
Volkswagen Polo,2022,1630272.99,54576,Electric,Automatic,0.0,155.8
Mercedes-Benz GLE,2008,371979.49,213714,CNG,Manual,2.7,21.4
Maruti Suzuki Brezza,2022,633753.69,54757,Petrol,Manual,2.3,11.9
Mercedes-Benz GLE,2019,2458221.63,35647,Petrol,Automatic,3.0,7.9
Hyundai Tucson,2017,327043.61,128186,Diesel,Automatic,1.6,15.6
Toyota Corolla,2012,197971.21,214387,  Diesel ,Manual,1.7,12.0
Tata Safari,2010,124749.01,224721,Hybrid,Automatic,,24.1
Volkswagen Vento,2009,120000.0,208921,Petrol,Manual,1.2,12.4
Honda Amaze,2022,891289.69,28718,Petrol,Manual,1.8,14.2
Maruti Suzuki Baleno,2009,120000.0,219018,Petrol,Automatic,1.6,9.3
Maruti Suzuki Ertiga,2016,212739.72,124542,Petrol,Manual,1.9,12.3
Honda Amaze,2010,120000.0,258394,Petrol,Manual,1.7,9.4
Toyota RAV4,2013,202190.01,110431,Diesel,Automatic,1.3,16.5
Mercedes-Benz GLC,2011,615093.21,137918,Petrol,Manual,2.5,9.7
Toyota RAV4,2022,727474.32,66542,Petrol,Automatic,1.2,14.8
Ford EcoSport,2012,351270.96,157005,CNG,Manual,3.0,24.3
Hyundai Creta,2009,120000.0,221524,Petrol,Automatic,1.4,13.4
Maruti Suzuki Ertiga,2024,748208.11,"19,678 km",Diesel,Manual,2.0,10.9
Maruti Suzuki Ertiga,2009,120000.0,210399,Petrol,Automatic,,14.0
Hyundai Verna,2011,135405.7,184762,,Manual,1.5,22.1
Maruti Suzuki Baleno,2017,138480.69,101132,Petrol,Manual,1.1,14.3
Mercedes-Benz GLC,2011,751947.3,206919,Diesel,Automatic,2.6,12.6
Mercedes-Benz GLC,2024,5805148.65,34260 KM,Diesel,Automatic,2.8,12.8
Volkswagen Virtus,2008,120000.0,201930,Diesel,Automatic,1.6,14.6
Mercedes-Benz A-Class,2019,2667487.67,77401,Petrol,Automatic,2.9,9.5
Maruti Suzuki Dzire,2011,120000.0,165430,Petrol,Automatic,1.7,13.1
Toyota Camry,2019,353565.32,104265,Petrol,Manual,1.2,11.6
Toyota Corolla,2009,120000.0,195560,Diesel,Manual,1.0,17.4
Tata Safari,2013,161749.78,146686,Diesel,Manual,1.9,12.8
Audi A4,2014,849986.95,176385,Petrol,Automatic,,11.3
Audi A6,2012,741702.97,167576,CNG,Manual,2.9,28.7
Maruti Suzuki Swift,2014,146133.54,161038,Petrol,Manual,1.7,14.3
Toyota Yaris,2009,162500.99,165134,Petrol,Automatic,1.8,11.0
Toyota RAV4,2008,120000.0,202497,Petrol,Automatic,1.5,11.3
Volkswagen Virtus,2011,152371.98,188162,Diesel,Manual,1.5,15.7
Toyota RAV4,2016,434113.31,97591,Petrol,Automatic,1.8,11.7
Maruti Suzuki Swift,2019,225378.34,98138,Petrol,Manual,1.4,14.4
Audi Q5,2022,2467631.97,47993,Diesel,Automatic,2.1,13.3
Tata Safari,2023,559933.19,44376,CNG,Automatic,1.3,24.0
BMW 3 Series,2020,3292451.45,99694,Petrol,Automatic,3.9,12.5
Honda Amaze,2008,120000.0,308713,Petrol,Automatic,1.3,9.6
Maruti Suzuki Baleno,2014,120000.0,158949,Diesel,Manual,1.1,14.8
Maruti Suzuki Ertiga,2010,120000.0,207457,Diesel,Manual,1.0,15.1
Toyota Yaris,2010,162641.59,168704,,Automatic,1.7,13.2
Maruti Suzuki Brezza,2020,260711.19,69735,  Petrol ,Manual,1.3,17.0
Honda CR-V,2015,253285.5,"71,160 km",Petrol,Manual,1.6,14.5
Mercedes-Benz A-Class,2013,996535.21,156037,Petrol,Manual,3.3,10.1
Honda CR-V,2013,225407.3,74644,Petrol,Manual,1.7,11.5
Tata Harrier,2010,120000.0,265737,Petrol,Manual,1.9,11.5
Ford Mustang,2014,409514.33,178296,Petrol,Manual,2.5,7.7
Hyundai Creta,2008,120000.0,289552,Petrol,Manual,1.3,15.0
Mercedes-Benz C-Class,2023,2310764.95,41065,Diesel,Manual,1.6,11.7
Maruti Suzuki Swift,2011,120000.0,327544,Diesel,Automatic,2.1,12.5
Audi Q3,2009,616054.36,44863,,Manual,3.0,11.4
Honda Accord,2011,120000.0,168689,Petrol,Manual,1.0,13.1
Mercedes-Benz E-Class,2012,593312.66,167891,Petrol,Manual,2.0,9.7
Hyundai Creta,2008,120000.0,263859 KM,Petrol,Automatic,1.7,14.6
BMW 5 Series,2022,3982286.16,55346,Diesel,Automatic,2.8,8.9
Mercedes-Benz A-Class,2013,871178.78,128483,Petrol,Automatic,2.4,10.4
Toyota Corolla,2012,196706.74,134227,Diesel,Manual,1.6,13.0
Honda Amaze,2011,137254.0,122071,Diesel,Manual,,16.1
BMW 1 Series,2012,556139.56,"144,750 km",Petrol,Automatic,1.9,12.2
Tata Safari  ,2017,286767.78,130573,Petrol,Manual,1.7,13.1
Honda Accord,2014,429624.65,171850,Electric,Manual,0.0,170.8
Tata Harrier,2012,120000.0,179343,Petrol,Manual,1.0,14.8
Tata Harrier,2010,125051.13,118581,Petrol,Automatic,1.6,14.4
Ford Focus,2023,1875363.85,12684,  Hybrid ,Manual,2.4,25.0
BMW X5,2024,2184956.07,20791,Diesel,Manual,1.7,14.3
Maruti Suzuki Brezza,2011,134414.56,182775,Electric,Manual,0.0,158.2
Audi A6,2019,1757458.54,88406,Diesel,Automatic,2.2,13.8
Ford Focus,2008,134712.2,249091,Petrol,Manual,2.2,9.6
Tata Nexon,2024,660010.24,30208,Diesel,Manual,1.4,16.2
Tata Altroz,2020,324656.15,105992,Petrol,Manual,1.3,13.2
Tata Safari,2014,236160.16,87263,Petrol,Manual,2.1,9.2
Hyundai i20,2017,254000.25,93410,Petrol,Automatic,1.2,15.1
BMW 1 Series,2008,424038.5,153325,Electric,Manual,0.0,176.8
Tata Safari,2020,411213.54,71588,Petrol,Manual,1.6,14.6
Maruti Suzuki Brezza,2023,444817.21,36809,CNG,Automatic,1.4,28.0
Ford Focus,2020,1652262.67,57921,Diesel,Manual,3.0,11.6
Mercedes-Benz C-Class,2008,337647.24,265994,Diesel,Automatic,1.9,12.9
Maruti Suzuki Ertiga,2014,129562.75,209968,Diesel,Automatic,1.4,14.2
Audi Q3,2023,4603851.26,41030,Diesel,Automatic,2.9,15.6
Honda Amaze,2011,189492.38,133237,Petrol,Automatic,1.9,12.0
Mercedes-Benz C-Class,2022,3356199.62,42862,Petrol,Automatic,2.2,14.4
Hyundai Tucson,2021,508946.73,44803,Petrol,Automatic,1.4,14.5
Mercedes-Benz GLE,2011,1052872.92,132969,Petrol,Automatic,3.8,8.4
Maruti Suzuki Dzire,2016,144971.55,96025,Diesel,Manual,1.3,14.9
Hyundai Venue,2015,462802.06,135064,Electric,Automatic,0.0,176.5
Hyundai Tucson,2023,814834.93,42394,Diesel,Manual,1.8,15.0
Mercedes-Benz E-Class,2010,710185.02,233649,CNG,Manual,4.0,19.7
Toyota Fortuner,2010,187848.79,175574,Petrol,Automatic,1.9,11.4
Ford Endeavour,2009,182414.69,190212,CNG,Manual,2.5,25.2
Audi Q3,2016,1346279.76,129783,Petrol,Manual,2.8,12.2
Hyundai Creta,2021,327336.28,81413,Petrol,Automatic,1.0,13.8
Toyota RAV4,2011,186999.65,95252,Petrol,Manual,1.6,11.4
Volkswagen Taigun,2024,1024280.69,22687,Petrol,Manual,1.8,9.4
Ford Fiesta,2023,1910847.4,25906,Electric,Manual,0.0,164.3
Mercedes-Benz C-Class,2013,745559.45,128720,Petrol,Automatic,2.1,9.6
Audi A4,2015,1722686.6,97933,Diesel,Automatic,3.5,14.4
Toyota Camry,2010,122124.48,120766,Petrol,Manual,1.3,13.0
Volkswagen Vento,2009,214479.89,195733,Electric,Manual,0.0,152.4
Maruti Suzuki Ertiga,2017,145675.62,58435,Petrol,Manual,,12.8
Ford EcoSport,2015,342383.91,184794,Petrol,Manual,2.0,9.5
Hyundai Verna,2020,349006.08,42224,Diesel,Manual,1.1,15.9
Mercedes-Benz GLE,2017,1807673.05,127170 KM,Petrol,Automatic,2.7,13.2
Toyota Corolla  ,2024,1408789.38,17927,Petrol,Automatic,1.6,14.7
Volkswagen Tiguan,2013,201381.39,135657,Diesel,Manual,1.3,15.2
BMW 1 Series,2024,1994555.27,16862,Petrol,Manual,1.6,13.5
Tata Harrier,2022,729613.66,32495,Petrol,Automatic,1.8,12.5
BMW X5,2018,1702832.1,63237,Diesel,Manual,2.6,10.4
Mercedes-Benz GLE,2009,357935.24,266942,Diesel,Manual,2.3,15.1
Hyundai Venue,2014,203688.08,168926,Petrol,Manual,1.7,14.1
Audi A6,2022,3911050.85,31121 KM,Petrol,Automatic,3.2,10.0
Hyundai Verna,2021,588273.77,68462,Petrol,Automatic,1.4,13.7
Honda Amaze,2009,120682.84,216747,Diesel,Automatic,1.5,15.6
Toyota RAV4,2023,841439.09,33643,Petrol,Automatic,1.2,12.2
Honda CR-V,2014,153847.5,115804,CNG,Manual,1.3,23.4
BMW 1 Series,2014,978774.78,152686,Electric,Automatic,0.0,176.1
Hyundai Tucson,2024,770250.86,9700,CNG,Manual,1.5,24.3
Hyundai Creta,2015,173857.25,149043,Diesel,Automatic,1.0,15.3
Mercedes-Benz E-Class,2016,752187.29,150414,Petrol,Manual,1.6,13.5
BMW 1 Series,2015,1361592.71,166952,Electric,Automatic,0.0,145.7
Mercedes-Benz E-Class,2014,1483201.84,195229,Diesel,Automatic,3.4,10.1
Honda Accord,2009,129003.12,121279,Petrol,Manual,1.4,14.0
Tata Altroz,2019,475581.67,85296,Petrol,Manual,2.0,10.7
Mercedes-Benz C-Class,2022,3710727.92,36067,Diesel,Manual,3.3,10.5
BMW 1 Series,2020,1754064.2,91951,Diesel,Manual,2.1,10.5
Mercedes-Benz GLE,2015,1503861.2,106944,Petrol,Automatic,2.9,8.9
Toyota RAV4,2024,1004131.56,18011,Diesel,Automatic,1.4,18.3
Volkswagen Polo,2018,440520.47,137255,CNG,Automatic,1.8,22.9
Honda Amaze,2023,568956.35,33485,Petrol,Manual,1.2,12.5
Maruti Suzuki Brezza,2012,120000.0,108142,Petrol,Manual,1.6,13.2
Volkswagen Taigun,2008,214237.41,193450,Electric,Automatic,0.0,205.2
Toyota Yaris,2024,1325933.31,3000,Petrol,Automatic,1.7,11.8
Toyota Yaris  ,2009,120000.0,191013,Petrol,Automatic,1.2,15.8
Maruti Suzuki Swift,2024,586898.3,15105,Diesel,Automatic,1.5,16.0
Maruti Suzuki Baleno,2009,120000.0,103823,Diesel,Manual,1.3,15.5
BMW 1 Series,2010,363750.6,158989,Diesel,Manual,1.8,18.2
Toyota Corolla,2017,270935.6,134540,CNG,Manual,1.3,28.0
Maruti Suzuki Dzire,2024,722942.67,27694,Petrol,Automatic,2.2,10.4
Ford Fiesta,2009,257468.27,"233,129 km",Hybrid,Manual,2.8,22.1
Hyundai i20,2024,1135232.43,"19,625 km",Diesel,Automatic,1.7,13.4
Tata Harrier,2012,200725.93,201809,Electric,Manual,0.0,165.1
Toyota Camry,2013,254124.89,121473,Hybrid,Automatic,1.4,13.2
BMW 5 Series,2008,278004.93,170272,Petrol,Manual,2.1,10.3
Maruti Suzuki Dzire,2009,120000.0,168638,Hybrid,Manual,1.0,23.9
Hyundai Creta,2019,255024.21,88985,Petrol,Manual,1.0,13.9
Honda CR-V,2016,245009.43,69317,Petrol,Automatic,1.3,12.7
Maruti Suzuki Swift,2021,330691.42,"77,724 km",Petrol,Automatic,1.5,16.0
Hyundai Verna,2023,935739.68,23430,Diesel,Manual,1.8,16.1
BMW X5,2010,360027.01,193640,Diesel,Automatic,1.6,15.6
BMW 5 Series,2018,2050354.28,36449,Diesel,Automatic,2.8,8.8
Hyundai Verna,2023,1169925.38,32321,Petrol,Automatic,2.1,12.2
Audi A6,2012,741702.97,167576,CNG,Manual,2.9,28.7
Honda Amaze,2019,489577.08,64065,Diesel,Manual,1.6,15.7
Ford Mustang,2009,206265.64,212400,Petrol,Manual,2.7,11.2
Audi Q5,2009,275201.37,258506 KM,,Automatic,1.8,14.3
Hyundai Verna,2015,180459.57,142293,Petrol,Manual,1.3,10.2
Hyundai Venue,2015,276881.02,105190,Diesel,Automatic,1.5,15.7
Audi A4,2009,478804.92,227807,Petrol,Manual,3.2,9.1
Hyundai Tucson,2023,510989.46,31657,Diesel,Automatic,1.0,15.2
Hyundai Verna,2017,339446.01,128149,Petrol,Manual,2.0,15.5
Hyundai Tucson,2023,837476.79,39303,Diesel,Manual,1.7,14.9
Tata Harrier,2013,158722.59,155573,Hybrid,Automatic,1.5,22.4
Tata Harrier,2008,131152.06,254317,Electric,Automatic,0.0,154.9
